Competitor_Sales,Advertising_Spend,Price,Customer_Rating,Product_Availability,Market_Share
1360,24754.139990366963,44.89062352753548,2.347858902869826,1,24.83378318962844
4272,26110.42513821416,46.20944122179004,4.998175674876377,0,26.384324629480542
3592,37342.660267204614,88.6836223549214,2.623004674460244,0,27.413212421875954
966,35243.44680488432,55.909874124894266,1.8819537387564256,1,35.95307197937212
4926,20724.952136252046,75.10642890510576,4.0499315379022125,1,16.640778769129625
3944,11683.132267210238,19.37236221282587,3.1698840138506243,0,17.14295284296508
3671,32607.654220697143,30.289487991732447,1.5984057981078101,1,38.35285043321558
3419,21663.49279311081,73.2649096880809,2.522758724643463,0,16.05524960843516
630,7481.534345141189,14.752356442167528,2.6578788621573732,1,21.374464598197072
2185,45128.042760582895,53.79378960193778,4.015318802276875,0,42.825825800222376
1269,34869.87102287306,63.94320690966405,1.0826854755676178,0,35.59189506549113
2891,34476.00896582859,64.1931079647233,2.076078587193242,0,34.332636249404544
2933,41306.609919672024,12.063953014123783,3.070385205262088,0,52.211461278514584
1684,26953.422254098972,38.98972038062669,2.0753869698113734,0,21.6242360988606
3885,40937.6669917204,67.28415859442387,3.5137361896759955,1,52.77182809639806
4617,25406.446922039282,23.40997625343191,2.9274699170984664,0,28.026513711978495
3404,4291.594595869794,72.5874083495248,2.4468410194383226,0,5.309775496290369
974,20857.156313356747,77.13326879323071,4.796834507482049,0,29.959935893730282
1582,25375.779805014638,98.37722714015308,3.5286379967458297,0,19.57202274701491
3058,36289.926499982495,28.885779537076846,1.519765489071765,0,40.56951133915423
2547,6222.357776305043,84.26176008995037,3.240366789773582,1,0.4195671207497056
3247,7860.908394362001,56.82669192267886,4.1229274128036035,1,17.40890192999052
1475,13920.506329096206,43.611633652975605,3.8339587899711893,0,13.426356887597356
2306,14058.421275173228,21.013908159266016,1.6883569171810375,1,15.526279206087496
689,36877.044344494054,76.19550458387839,4.889679996160414,0,40.56745738348684
3234,13285.80236751829,31.22718392293184,2.795254582986424,1,19.67509198981103
3505,32021.80510451493,43.427980168574116,1.6361000149610452,1,40.793588659712334
2399,25219.4186567753,15.62880042076316,1.7207830165125917,0,24.83825969965172
1767,29091.42453079063,82.12302242375671,1.392939968756322,1,29.358676097295636
2028,42067.2411957365,78.99296715744791,4.214072433739737,1,52.44738159064187
3702,20814.69357590219,76.02542470380813,1.4881219772873946,0,17.017061864420757
4056,38774.65747614925,36.949915944269804,1.5005010285669877,0,35.33000418825479
4390,21679.76691798368,25.613206683936152,4.40188645904335,1,19.272050470500307
1146,18339.697451501223,67.37979380232068,2.3784163377902385,1,25.774929583904942
3388,47972.731688347805,54.65497457018975,1.1234316172322898,1,43.53187581617159
2935,10034.175113269197,26.04272202141774,1.2075811980736435,0,4.8382728111219535
1100,5426.511068302786,71.73201439448773,1.5686817868155822,1,-5.4009772185636375
2863,38778.31035123845,99.20137886391733,1.8535733919027582,1,27.549248296702025
2561,4344.235562350488,77.2497628967834,3.6605847769536215,1,8.538955292715217
741,42016.87054444844,76.59877480170506,1.629305120007313,0,42.904945942666245
2541,22422.476421504933,95.52814776375325,1.475497564708288,0,19.081266131823867
3324,45860.17018730379,28.264273081741198,4.058876565905116,0,51.813185147706726
3112,36355.11019497338,60.899496842929636,3.6842211354396577,0,31.405999834053052
1863,30909.828683389922,98.1682043530495,2.7412968858209448,1,22.925897290216625
1978,47516.033055830514,24.87646998731571,3.197239085920416,0,45.88976717553339
3056,20435.81927955066,73.02267635000689,2.247936081305674,1,20.49352883479264
1275,47750.25989044202,62.722913137471174,2.9300016809414426,1,42.021409544269275
4514,7615.06259363914,62.78311829698363,3.026690595930983,1,3.8189014005347808
534,24703.992154688225,72.79035647680676,2.5489490847123837,1,21.605418461439783
3652,14225.64989721755,93.66552305881157,4.626288842688651,0,5.762674511231962
2455,27452.296166501477,80.43237458662041,1.0642474599240246,0,21.771410781891717
2085,8938.680016687646,15.0522493074589,4.128685052364984,0,15.155060785494042
4443,42234.95335519213,86.74552178881402,1.4975313249652973,0,42.47650955604978
3573,42473.984616413305,30.298719693315935,4.190189442148798,0,43.725163806210546
1521,47806.57932345047,43.92227482627348,3.463647662706885,1,43.845669574675206
3961,8578.934903278576,51.55595322511439,4.3731123637456095,0,10.299266060301932
3113,31543.294994344546,53.28154006777627,1.3900573025635898,0,23.504799125514015
4343,24237.62812631811,49.16623593298211,3.235922536399096,0,25.988622564883713
2000,17874.802870167427,94.3617964794278,3.0043515210487883,0,5.1476519551891915
661,18225.467895576723,73.54171068976221,3.8247727318534346,1,15.494115273420963
4797,21226.88397973086,66.80535813610356,3.137162207574703,1,16.178814232158814
2481,35541.3519347587,14.48578250046474,3.1629382685324168,1,43.257435607207405
1495,30316.016855139576,91.35219972343373,2.7183837743042587,1,22.5647408832779
3842,23524.394125295425,91.84511728075566,2.2353376960293634,1,10.130078996286088
4298,4720.7371081114825,80.21917570870922,2.9290574450087687,0,1.5478339425853553
1775,4810.501859868897,10.632628343225724,1.4739694350736023,1,8.294608597066075
1516,1114.6301406631346,15.155222596986102,4.846053355932339,1,7.935188626525574
837,48417.27002214723,30.27013320416408,3.857643054506393,1,50.04892891464807
1378,1257.4371093608609,21.821446733041604,4.809868466751388,0,5.337218866638163
1576,6051.593554673499,45.89524267333565,1.906909529319853,0,5.840628508189809
4493,16415.231283661135,93.03607522790107,4.517364080706113,1,11.699108176085513
879,40564.0823390213,52.48543907772984,4.235159938254154,0,42.14344345070395
992,48142.840502441766,11.206236378894905,3.7086096498306946,0,58.191669018650536
2562,39710.66438080095,35.44711206208858,3.500116744340823,1,36.65957126874551
4384,34837.45138983639,14.013541753566539,2.26619866107148,0,37.75015943792134
564,26543.7327032649,13.265886035215194,4.2656431398601224,0,24.803483315478594
3068,5248.555381246997,34.814786778599704,3.006061845918935,0,8.918848745274662
2527,47950.36885719259,34.80511048110509,1.2835663035651415,1,42.14294436221706
3195,38161.228283338394,80.84139423414436,2.25145264342052,1,39.677953211918975
1995,32308.51988137883,97.73511875030007,4.741188394181311,1,24.632648246484703
891,38192.75643140364,43.40863845009984,4.402721042419385,0,44.867729855237464
4974,36481.06313438379,48.59981909749347,4.927622792306156,1,47.58198220187922
4061,32224.347409684855,86.03104926574193,3.5119735304163924,0,25.491742536841098
2778,49048.26320881942,34.132511808596206,1.9900402925616478,0,45.3056679681084
3599,45264.826819165224,24.074362396310317,1.651260198707455,0,41.43893275506611
700,32686.581036741005,86.77806610632854,1.7476577624338465,1,25.074776508954322
3604,34965.58536138931,14.185052779605893,1.0791826333890175,1,38.292554346154084
2954,3528.19452627679,65.7729496179474,2.5627284439437568,1,-0.7611682170660554
4145,33825.95576295192,60.57935627201261,1.76571072199817,1,25.694650453715212
1304,3164.1064477949085,41.13284027515248,2.6466218418268097,0,-5.749702428983171
3231,29824.92409152662,38.36705689876231,4.739977727355061,1,43.47791138892249
3273,49968.321478725906,79.46719535634591,2.72216083802876,0,55.86840177122207
2070,28234.5224904218,17.778214968629182,4.511937987939339,1,38.281762166879844
3190,24187.295785985338,31.310587838024684,3.422019066463506,1,23.848356662984955
4340,16329.88796877379,75.92038586542807,1.9885262186455677,1,16.45341239518035
1528,6905.606360536757,59.34885253537818,2.4234190370368456,0,10.561093768537962
1002,36820.1599014558,21.518938768022775,1.3356781432857177,0,36.06838165416129
4993,10437.35236149589,89.39220528538542,2.333850374384042,0,6.372675301719885
1370,6648.819041116934,45.41030619072324,3.710163782014136,0,15.686957133520346
4988,21666.370326795113,84.50815377899555,1.2884443717177407,0,7.590136907048999
706,39971.75005999577,80.89417139749378,1.8216056339121174,1,40.51765830368149
1984,37508.1628578908,66.19829018245552,2.525764165653246,0,34.394093114169166
1363,3689.2481176772712,54.50330181655837,4.92819814806385,0,2.5324227220938837
3290,23302.040566771648,98.15957563435812,4.139447291835521,0,16.613445220535183
1063,26599.294227487277,23.04685651418353,3.9339469859684155,0,27.83889187541031
4691,32582.785880665288,75.26401547960033,1.464763826101784,1,21.935558384402803
2257,32858.200171718185,27.20716313183101,4.123983574459966,0,47.2423958794001
2178,18870.16522340799,40.44367947991135,4.1410752460640605,1,25.56396246004998
3742,28473.182506172187,37.782886903587574,3.404410782497313,1,36.826129148850896
1559,24572.032308360234,95.23323889648508,4.9614471279934875,1,27.78344413278209
2222,44364.91946964077,97.06205600094476,2.301015623698208,0,39.56688315929358
3814,26982.991499110107,26.471389981125444,4.765089792967407,1,34.23980870376053
3657,22610.57592565992,11.983164426775376,4.658924459826014,0,28.7425452080851
3125,20819.787034410685,74.80072356968017,1.0459226389975114,0,13.852648073236837
3229,29048.960212239817,47.61909404834359,2.800466105899244,0,22.84746615013949
2097,40394.87199064399,17.995622057880794,4.908416932206293,0,53.82127440446981
3560,27381.67302865859,71.53786950193383,1.4124854496323032,0,13.986690547714591
3193,33421.10357894654,59.059497543462975,3.191138777533278,1,28.604378427020805
4127,37154.93257841973,98.24651398009954,4.915830028164416,1,47.22211189154166
1863,26488.237384057862,30.466854627524103,3.2219816964234407,0,30.566379729476466
2481,21914.035776088353,46.358008869389344,1.759261211888624,1,21.68530953807766
2163,43956.60351526002,58.829122305588065,3.328732920370359,0,47.917849864280576
2029,21457.798117366714,81.25299896080165,1.8177622957981874,1,9.266335347275948
2538,23635.199678203793,59.39547910480528,3.078817051577937,1,16.884319038529025
3802,49526.72435374708,65.16101447757543,1.296168871649392,1,43.378488916544086
2737,1011.6386552183444,30.353234643094666,3.4219306768576185,1,0.30337175688566465
1806,10088.172569259401,86.22268552797038,3.0671597565126327,1,7.225443704440625
4529,19814.23060606656,48.576749227342816,3.9606454750458524,0,25.305593109934666
3175,46696.90556183739,22.686366476959236,3.52280188463514,0,58.41968792276473
1782,4431.45558162608,69.77691230548757,3.1984250741230267,1,7.906056198271332
1209,1464.7862477964056,29.448140786677676,3.7591153969924846,0,1.066819404668836
4913,3581.507962884201,18.780625921536977,1.5757676542889234,1,2.9801602895693855
4248,5338.627120067289,87.5788217563845,3.3814386450344163,0,0.10889637824959975
1163,2842.2418871067825,51.41460380395957,1.6884424112911107,1,-4.0051380657687
2498,24509.285015968733,77.43553414261987,4.702088831407524,1,19.949033701132628
3945,29457.10315413906,36.15288038257196,1.2733364193824168,1,36.7100498932694
4243,14312.6615823812,80.82731214258997,2.721498998763173,0,11.7261395818118
1995,20516.081814806144,20.074233431937728,3.7831899106217795,0,24.953887259832193
3804,5493.267420460076,42.03760364153675,2.832088846673035,1,9.374972582623979
4263,17482.152727592682,98.02556361761756,1.3683810129316094,1,13.085088910402007
2353,26603.440390091633,81.45907447312055,3.2135160645068295,0,30.478693340325346
1791,36881.31855204761,54.75303372832194,3.566527635309418,0,34.82076238300042
4081,1163.971740105982,40.57997244056966,3.8151692439620306,0,6.749924068337178
3957,23898.227560344978,88.4922130020229,2.4930392578510356,0,15.479214894090614
2136,15553.140946289228,59.03629831760641,3.254639884115049,0,15.208001164065047
4196,42788.269262903166,78.25825160822,2.8027458997556525,1,40.85164873740274
3499,36062.112446477855,77.86969122845477,3.6882241550090136,0,36.424011612245714
3652,29866.31818907385,11.615111071164264,3.334227869299274,1,35.92486834979192
1198,14586.016639141906,21.36284045133521,3.1030248782365395,1,22.66493726320606
2660,45606.61600081918,69.3666429755268,1.9980974673529945,0,39.681204683093625
4597,3209.9331837958357,24.545783015728432,1.0080740709929357,0,3.6798743887262217
1354,6363.912335276643,32.99440101900442,1.696326701245717,1,2.6626014382656353
3974,20189.876886477447,95.19741587796464,1.4682641656966746,0,28.210426459503736
2207,7097.440307545961,60.41640325374207,2.796338980043787,1,2.0841563534411796
3277,47864.36918041183,77.56565562994125,3.4490326030473786,0,43.502605551789685
2233,40101.476785025785,60.218266490437586,1.8523400347392327,0,42.19757059052609
4010,13690.149928488869,59.72622533044527,4.7562283838687485,0,15.082658445676048
702,29839.157219689023,18.473671911312813,1.0267285168955511,1,34.46047770085399
3755,49134.195238923996,40.92968733481928,4.0892040606613715,0,53.98474759539424
4718,44325.74992844364,35.418780881786056,3.500819078121769,1,45.769563663739625
4996,30439.123875667705,45.16555290522519,2.4942192041907276,0,27.147230247902755
1266,45282.47439158825,81.85097694018954,1.2019557776496317,1,35.5571054446842
4889,49470.06058085459,43.47394011251784,3.5099462871371174,0,50.18095413131333
2827,37424.288321787586,50.652713730851445,2.542454051462592,1,36.571943459903636
3431,4184.334064661807,45.764325143678484,4.745068557652877,1,4.938632448480342
697,20677.431584848884,18.406717477776603,3.1679602995590637,1,24.626518285256626
2430,42053.46102887903,49.69649424257054,4.758606045174033,1,41.13044723163
4082,12297.890594445931,27.604834574006354,1.8819347738932164,1,17.080782767813492
1108,41701.4833697806,26.80509661957373,3.902903641456413,1,51.56359298803588
3772,6896.599339714801,18.46324939908397,3.4689960833949027,0,8.466640615553553
1647,3300.322500242837,42.10038767275883,3.9576329193252473,1,3.204684296041347
4782,19820.43996307123,78.17336963104756,1.8586714558901472,1,16.61002994679613
3897,2799.8649339040676,34.879752152505645,3.659978064951095,1,12.958676313713518
3011,47906.242886182954,38.11141916969622,2.992161572227476,0,57.512742434934154
2294,41484.07909390433,67.84071919051812,3.971299899625265,0,35.62889335792171
1159,40237.71466936388,27.625673132822698,2.308178576607271,0,47.123028657553775
3311,31859.1182268115,90.72621373811809,4.560228101861011,1,31.599186367045736
1869,11599.877128791122,56.8171470926399,1.3372052584454015,0,8.381624434115263
2486,26394.757967143218,50.28426462881953,4.228757275164752,0,32.34740788284357
646,30266.42954908671,60.203817273628125,4.445278503260363,1,30.731817476164057
3719,26726.54354215314,24.943088207457592,4.269009245467284,1,38.25375637288348
3411,13751.435029624838,65.21258247752587,3.050905577047104,0,20.451799294815494
2234,26247.148291421567,42.67906629706094,2.7535399201230453,1,34.79274288963775
2343,25068.130702562703,90.74677068681571,4.985049146099508,1,16.743977984753748
988,49820.45301452949,25.196878600991752,1.9166878048566485,1,49.98585442050147
3476,44974.37125426399,55.6345993478897,3.1875038635041784,1,36.1097661224446
2459,23705.656662565376,63.83013664321162,3.682702101529302,0,20.861646891586105
2885,31523.931763820816,13.00452416077431,3.803470543445728,1,25.84292607898655
3419,37645.708600519196,42.732381228052624,1.8160986629543148,0,39.25600097681999
2302,2708.392851457421,75.93717112307495,3.615976369359205,0,3.4431766557692067
4561,44851.15062016415,83.8339756704076,4.273478265925349,0,42.851704052190264
3869,43146.214004478265,38.18457953355541,1.2000743072844489,0,37.77216411294012
762,23414.172790911656,81.87339451444761,4.646085173301266,1,26.08916180783778
1123,20167.31853793861,97.098028939305,1.1180162205808237,1,7.6364377283142755
1516,14375.009367959432,87.11865424675847,2.4238841299535774,1,5.113601629354109
4143,24357.16458818805,20.58795893433927,1.0632527849318483,0,18.412793254944276
2549,3174.4565131286017,76.57572988769866,1.3085806741583275,0,-2.8851597810178538
4223,42757.48313400338,38.77001491964903,4.644673140720316,0,45.25829007581529
3608,2735.6960525087084,98.9574390470869,2.4194433229845913,1,-4.242351298549151
4590,17123.51690312368,53.68230848438984,2.6990861217002116,0,19.762501998178777
2556,46647.884927630505,21.019050852304694,1.8613775255302105,1,53.08521791775796
3670,37025.42007164918,75.26669932246517,3.388383080746879,1,43.52792022537585
2182,14788.157068298811,39.071007854759245,3.3792128587111585,1,17.94016689008666
2755,13379.805604083369,99.73703413734955,2.488801567300877,1,10.121650837764015
1654,1249.0248510832723,98.18042120690697,2.3321394872215935,0,-2.9605065095096683
4999,35090.00034963776,69.05206162185226,4.539857232722351,1,28.893580158827724
3691,3390.3955019854816,21.684380405654583,2.5331369585688055,0,4.4397460987022
2196,27097.52345063734,71.81748979075262,2.974003968617633,1,24.038291295094027
4491,48143.97665701044,18.37274378140245,2.1332190496997225,0,48.01907624942159
2148,6363.97414266824,12.64277431921531,4.1470780134285095,0,13.189156094509539
1945,44829.51661743531,84.06626015993375,2.5897926275963665,1,40.50507309056302
4699,49582.29142210736,28.877765291531322,3.054444186177298,1,47.87176944568354
4423,4014.3342857225175,44.112441359718765,2.0134286802386456,1,2.8748177409926674
753,44262.407187735604,97.61116509785559,4.950638369365008,0,41.20731543125491
3683,26287.872001737214,40.3156451674993,2.1659829636948915,1,13.492059777792601
3057,45419.172252784425,36.68408031549838,4.082970123622207,1,42.931359866926684
598,28994.62815405913,92.63871996604976,2.7099826014270367,0,25.59529298937362
2700,33443.48849522167,19.96736007870623,1.8248696203365595,1,40.55594829879471
3461,27645.166491872562,78.36241691031687,4.198875055859444,0,16.070658624168438
4933,43360.15113506008,98.92590099874965,2.3344271561161727,1,33.78445717864918
4277,36961.586028731384,91.11664096971839,4.460773389591244,0,38.92873788091583
3369,26541.75529684033,68.65011268357833,4.661028739671292,0,33.38977882659092
3734,43539.8793985258,38.265471549345875,4.439295341565104,1,46.49135511884133
4291,13018.991080511394,32.8889783060485,1.1400316592272226,0,8.596244776255645
1456,8709.692325423774,83.73295943843151,4.149493380020422,1,14.733936891072434
4567,8859.605161173533,89.18397225565258,2.6453578659965755,1,9.21238719759427
660,17366.435058516654,57.289142129112356,4.4948916807289,0,24.920396197443296
4993,12695.811533749858,31.990594670781952,3.551817050738955,1,14.260066155695846
1800,46574.427174977194,20.16488875700562,4.334572536575834,0,58.795554560846696
4487,6185.870597600616,17.846152104864807,2.9977270794673414,0,0.6713658817302601
2027,35250.5461639398,74.71697026184701,3.1401020183957313,0,39.71520363284162
1718,10271.855449465289,47.81068550629525,1.577550528534669,0,8.313227188695652
4996,44200.219505747154,91.48238868500833,4.135949434757421,0,43.96855046300024
3604,48104.44912106046,76.57041706540873,2.6775584466678866,0,41.07626101746798
3235,23808.030429729195,27.213437612312802,3.0003204730863304,0,18.017195874129825
1454,44074.50253117845,65.23996769341292,4.14039085638283,0,46.36980821356146
3946,1252.1133669810235,49.19549089583434,3.395381600317756,1,5.880300225990087
1545,41177.398952996904,61.95247576917518,1.8043949097706697,1,42.10440311971455
2193,12202.632914721253,76.42622110046655,3.360930636603571,0,14.255765057004671
3936,45526.36415419903,82.55762929034117,2.630531431918623,1,44.37247256426945
1062,1054.8854625253648,85.93635937660518,2.8781021681754506,1,-6.401478319749054
2985,28252.90501694809,32.85773871148223,1.1132450976106711,1,31.031001703621374
3854,38075.1543854618,12.800403992562192,1.8401173980651264,1,35.29723704495919
725,13675.72820419749,76.53652616482958,2.124152325524113,1,15.805701419088432
1459,10463.51036477736,19.570935363019714,3.851840031435223,1,15.79018754731497
3567,5120.812998931247,38.34276297516709,1.0459698931924613,0,3.1249303884720425
1315,16995.245248661355,10.343542071191242,2.635109044916528,1,25.560742222900796
3620,28432.371303132644,71.3502534161458,4.696107481702931,1,35.69690405259462
516,6676.3489822326255,25.04188103240991,1.4475224661964954,1,10.920399206135318
1743,19458.07273735314,68.97541687224924,3.065697552874444,1,14.589636908098761
2705,1444.5478279835233,99.2568355451055,4.146089529563389,0,3.6243910847925114
3024,41115.291604492246,16.540378444901464,4.770125230080467,0,44.927556170310794
1569,7293.987186566376,16.937021075631463,3.987106558134872,0,17.51400520391127
3944,14883.804465013498,40.63420834000074,3.8822621945776246,0,11.45909203985735
3065,1902.958218172656,87.97478628262078,4.305952360783049,1,1.2489840017848532
1560,22179.798410733103,29.397688191219867,2.7848048839101747,0,20.70518366190311
2827,42165.95363431972,42.43400379373128,4.223378130471332,0,50.71898777812939
3920,20215.409360814632,16.16548659642816,1.0318576189818045,0,26.238409809580492
801,9795.368847767837,78.68397621330004,4.6982442215072195,0,12.318442238411933
4776,37931.24286847544,46.7475708483506,2.7732260380687013,1,39.63348357946722
1106,39651.54211166647,78.33238597547586,3.2135207514629904,0,41.76623062945055
3670,9513.920290070773,91.32470599121156,2.0195289956595293,1,10.026082082014264
1199,38771.8513185085,30.948683239115987,3.9701233313616857,0,43.80378553063109
1639,47417.59652456056,82.66564273059562,1.3065432259009953,1,39.26574207856309
690,9152.501759681345,15.318450107042795,4.490543210187341,1,19.838080601554186
2800,38778.230334074644,90.89626493622227,4.312467316025371,0,29.019901617034805
1480,35720.02822552884,68.56916928028727,1.8642404649790656,0,37.13984992525238
3475,24205.120533319336,88.68040517245164,4.237297593141049,0,20.260740455147708
1684,3838.1025673811164,10.016955960092371,4.145430932245926,0,9.926129504501487
3827,4660.026470134847,25.217296332039325,3.528866391015796,1,13.77628623455406
3894,42768.318300733736,45.078344868384285,2.49408070759875,1,41.171097647144364
627,49517.270264781706,44.15526130372467,2.0859950167274715,0,52.51077856073819
2565,34126.56060215097,30.40573446311596,1.9271343611574,0,40.63479964852624
2316,22851.95704350575,44.34507458804801,2.2744358510544287,1,23.516486737047337
1069,32731.10852669347,21.596384080022936,4.614233773730121,0,41.357178445274975
2395,30125.39710219872,47.148501633942345,1.310563103955125,1,27.43449377699614
3233,19797.000759875467,82.21188962433378,4.315485105011835,0,20.78477199278436
4363,4215.681084126634,53.11630567930161,2.3955603001672943,1,-1.8868527832190978
4514,41254.134422964606,11.620008005069348,3.0863975840454327,1,44.796238357758156
3401,19219.842932697506,47.929963742132266,4.177942534593963,1,16.341703592759607
2186,41120.49652449759,12.445751448175974,4.537506188091886,1,44.45709763322677
3509,13372.928734730729,96.96190696361184,2.379125680290588,1,-1.5797557044100916
654,1050.4445124360363,21.470856348058206,2.8473739251004413,0,5.917747495355532
3037,8787.975880561069,73.69194936975569,2.658064259267169,1,15.192920289006905
1909,23958.431421660633,97.54986906028772,1.0530041340156422,0,14.02892410796029
4557,47270.878112933664,84.34351464999146,2.1837715554346264,1,48.029737711665675
1284,6007.48736499223,72.93838376135832,2.8367569349302473,1,10.015626938801473
3675,42856.27894861673,85.55148185506903,2.644374435521759,0,33.594193462411994
4841,26824.18071438124,98.36188239345648,3.887716910062718,0,19.84445670670691
3306,41470.11752419493,65.92100475281767,2.539214468884413,0,44.91043642844303
1037,15620.347118509639,60.32663261463938,2.957505795882681,0,15.040988633851798
2341,42157.41106895112,66.54142994169533,2.7184343685294534,1,34.486192481087535
2955,38868.31622082342,57.940829808539945,3.962504595577482,0,37.81494449648136
1024,12272.630468540263,67.15801953187469,4.451889595947851,1,16.558908931308824
3450,7435.421194059525,50.48579871753033,3.1275563160300566,0,4.672270583842435
4631,43534.66180408235,29.65988645949764,4.157728776780765,0,35.011446384522145
4615,48198.59601856646,20.822250386050808,2.1871467280794024,1,48.880598550081004
2868,2533.813373628296,16.150684197903438,3.165478440629075,1,6.044735865820122
4347,36832.23328171059,33.69842053778801,2.38091981467989,0,38.2703630280132
4995,45566.701036443104,14.151120790216044,2.656803702287321,1,55.75961322844379
3201,43010.64451253243,61.045370192744706,3.9296554592506743,1,45.03303240125454
1471,48261.50314124022,35.54456023211682,4.526649929330851,1,54.975033748818774
1666,38244.60984346676,84.20813272783289,1.4859815643510617,1,38.07344456763269
3274,22672.639356664604,16.68167856895478,3.538557025949522,1,28.13330563084698
2482,16285.647534261392,30.371634490733733,3.328575230311194,1,30.588238272260924
1353,16716.394281468245,75.72215323811314,1.4736601567037275,1,5.772957801169376
4646,36496.71095809173,63.89274667451423,1.8475773217604363,1,29.13185236862196
4236,37546.01358951725,15.804214412425079,2.244009978930721,0,43.523404147490254
4269,10817.59803388692,88.95155114459804,1.6677242832700059,1,11.529459150660323
1074,43538.017861036016,88.95355865435616,1.9749179300973672,0,37.58852287145201
3761,36031.27796991014,39.736720348819645,2.07040319544683,1,31.1453064719748
1648,28574.76403082575,40.63652590146082,2.3426953321562385,1,38.0014500311189
2215,24105.090545023122,99.01255225151564,3.997561811204636,1,18.23711446825927
4354,27618.40748370795,66.35585544338244,3.287648815402403,1,29.253391825839408
2991,8803.04117568396,57.81848685112532,4.944986687805606,0,19.481924922921564
3160,10981.361214537435,85.4336965196732,2.658943307869884,0,5.547852061204777
3624,5467.060029903392,35.676130452158475,4.0154602953477,1,6.8197283890993745
3551,8529.24386989452,48.62643340567212,4.485873685506135,0,9.86990919019126
504,23230.98809565885,34.09990079395008,3.7159139721521677,1,31.760582243441995
1376,26987.36529268455,81.02447619298583,2.647458961669984,1,29.48057412273923
1491,1875.2327314376494,61.60144110716962,4.014378522983012,0,3.9124726254973483
4642,40043.093565337345,69.29425631260635,1.8146685510907394,0,46.158416301606856
4864,15414.230693830415,32.70765248554659,2.3102086607205297,1,16.923715563067454
4965,45679.96571303564,29.82027712395836,3.186741020397155,1,55.533086112274944
1135,48408.05191707511,53.95371660846448,3.3016375491445933,0,47.45594733326315
2193,10087.484859156062,76.38091741835441,1.0885659018905178,1,16.295307589629477
2182,23642.76724751737,57.271578176814415,4.780456755024035,0,35.32718001778256
619,1060.3599231548685,12.938110979110174,3.78650908486956,1,6.699693817340393
1330,30318.03599099892,88.169635568826,2.9828150009275642,1,34.639403479556464
4175,30758.01596487089,15.821820416361842,4.732508937633233,0,45.56075425436126
1869,13129.457824565383,96.0242035348677,2.756382261003314,0,16.805007374548488
1240,28362.220956576697,12.262776244954544,4.921742281081487,0,24.56949621564269
616,12051.466979743036,72.50054105176379,3.0491390289739404,1,14.496448178968715
3338,8880.447984831313,17.39863573406035,1.4571430799919178,1,12.76636441793782
1650,32924.453873310966,91.96089214916256,4.059203889837109,1,34.20213884278619
2431,16970.34773365167,51.79899126029885,3.715590900311362,1,20.313362575234
1512,29922.933005395502,22.377139733531386,4.091946885222347,0,37.10816920005969
2164,22229.090699611126,40.673412981086194,4.805768114902724,1,34.18898715779836
1581,49233.21896274229,24.834220781208586,4.105957210604073,1,57.65907817429643
1012,8329.451490710722,25.3523720401381,3.4453464088665875,1,13.769439323091902
3349,23765.3312351547,95.3297488154298,4.429235609443364,0,28.787732646676538
1059,34342.374691606936,50.07215010563093,3.692985757418126,1,38.81126208793944
4172,20381.709110118463,80.99220375148236,2.6324762273036924,1,20.11528332634451
3843,48760.292741663805,67.56450050599136,4.5424790569670925,0,60.42398634905499
4570,36372.493768419816,70.8783726104553,1.8876018431374915,1,30.887456630901035
1970,33192.20902066016,21.852409462483465,3.858565099634897,1,31.14554658167539
1080,38095.904112949946,31.07660021339371,4.526253819763028,0,44.40256928609062
2794,47679.78326389714,80.80753016389933,3.925266078813185,1,48.52227912991839
3647,45483.11399624737,97.36895858273047,3.7891016762154277,1,46.93206663769112
4749,36489.98009819418,33.640807833878654,4.010553176287344,1,41.68358524069082
2179,37708.920315962874,34.44118882759359,2.8602209932025775,0,43.760839639471456
4006,8150.181627722127,52.56074195298144,4.4966827286281035,1,24.410556291038034
3244,6036.827820140619,98.54562815698941,1.8137459005443648,1,3.8173283999154544
3856,28974.320590364052,34.206305124382396,1.5095456640013571,0,33.45935791118587
4545,1900.01421008646,46.62747186708375,2.142035120474046,0,0.873680225714007
1743,24635.462696027986,90.23320140611561,3.1263095870999726,1,14.938476282079858
3618,11307.129416024562,10.262892935922581,3.0422471816373524,1,4.874776550058282
2641,17954.81181459714,13.57893684897126,4.282395030706347,1,22.568305280434117
3559,39014.43205385485,64.36645093640973,2.6182746256160696,1,24.912477931620415
3459,47120.63770738694,91.66421482415623,2.9373777051660346,0,46.39671676039976
2765,4548.397335170734,31.49709943617349,1.0534707330375825,1,1.5915439355042782
2979,27177.868092845812,52.26775972126381,2.6389569457717563,0,20.662131679886727
2135,44244.1408051604,50.54187714920364,3.5910969318013684,0,47.02651755358589
2257,5042.918187580643,52.56742114859591,1.0620333225063687,1,-1.78291825047523
4952,41401.18829794486,66.02677261567706,2.123527860744975,1,41.29944802612094
2570,18532.266195485296,52.27693866916154,1.8318254371575597,0,20.50635485199678
3349,16782.64040874743,50.2721327190212,1.167941715638353,0,10.582139753179806
3751,48895.8529294245,52.685957838813444,2.91704035965815,1,48.27493195940782
4230,10842.095403252415,63.178069714393736,1.726893172912626,0,9.052553546829394
2989,34966.50310031137,58.33067395162225,3.9723261585255205,1,30.042876954488058
2131,41250.595672483454,86.87223978854539,4.391711535053394,1,42.42083237812079
3316,3017.991268684312,14.454716814429995,3.182340730676591,0,0.7821078081975177
1515,33848.8874593662,84.99853643257113,4.926829370084566,0,38.03127745404256
1848,47625.94874341102,85.95321513505516,2.8019142858823813,1,42.45863748852928
3587,7086.778369674908,35.64172193778647,3.053472840899662,0,2.4468381874744125
3339,44914.843831566875,51.65667595142656,4.956871015831,1,46.7630502723821
835,30144.05523146987,49.46846396836919,1.9261937438601953,1,26.36122341638613
1395,31213.624511261227,29.665885091871726,4.770183758707621,1,43.13000793642401
4046,31034.264568414692,45.711716237768485,1.171350220476453,0,29.672316882019718
1351,15642.958430528379,13.994899495376899,2.785547561052779,1,15.033176315270588
2187,46824.88894967352,35.0039865503561,1.280014048532263,1,54.12984982770487
2431,47420.172668920895,83.50139579056463,3.916938971654572,1,50.03636304072638
4246,31639.928350483442,35.61060715866078,3.433635743520071,1,33.264527278759196
2927,39387.71357113912,83.63860018734228,3.8265370538703856,1,30.907756731670545
2068,31000.641308176742,57.84395181439878,2.497921599872068,1,28.08912142908003
4500,24735.52393112799,89.1876409625044,2.477927736125521,1,19.670049883840235
3238,33380.18579666328,61.73015988379737,1.1812771158435784,1,31.41488569722198
3998,28097.071177005964,12.670140075826584,2.399779758118559,1,34.6658992339587
4413,30276.317268964573,70.78781867923803,4.717153609048237,1,36.66475309619092
1566,39407.795117524234,14.036821122121179,2.516906148721796,1,34.98058814856297
4880,24564.28774100026,50.55373170848206,4.32547082488788,0,29.202380325744024
2944,2996.9511985311656,93.64840250258025,4.369302018999736,1,1.5726358600315544
4607,9035.974568485364,24.868354540406514,2.4929646255169353,1,24.924954746327977
3873,22491.75360798738,45.08851176473897,3.527954721584756,1,25.36228407016485
4469,36516.50143382886,75.68742779636305,1.3814864090922345,0,28.597465480070166
3046,30070.653767198757,89.40327004853629,1.414714322937106,1,24.511599691803912
1253,32864.41510779924,70.38487042682571,1.1946306546468533,0,28.17234793435655
2582,24484.667500238076,33.23559287720523,3.324060373500438,1,17.864032423763348
3274,31171.359075169898,70.71470676245946,2.704283910504388,1,31.54997853702191
3396,17121.854452918447,36.7054876993681,3.1921294266569604,0,18.282774082902648
4685,24038.947042136588,74.65863068368617,3.0842927620335514,1,22.608213422032478
1275,37469.67421415282,95.86298148265365,2.400811964362921,0,28.317157325160508
2125,43719.80616968294,74.92541059956595,3.7098936592938916,0,38.17748127725295
3569,22249.111363863056,87.65924526211711,4.034007523665563,1,25.945613555360694
917,3139.421227660698,10.189345885829507,1.0585130355107029,1,9.779795992313272
614,8921.95466319333,74.5814912258435,1.8289691990755133,1,7.2122369659461825
1116,2022.195825285367,84.66288011787253,3.8529434723333473,1,-7.7921932446333635
4474,33009.887942629175,13.650286379021328,2.5464806905353368,0,39.153137482104334
3767,17283.416642400334,88.44379545594076,3.6499357877664327,0,6.759225915655691
1325,27581.453150249006,33.10248054790412,2.3878506389382337,1,25.741028199193735
2016,25170.56549240618,69.87628917802496,2.5630206093185484,0,27.636770037026988
3646,4994.797988068908,82.0319391121066,1.6347154947587397,0,3.349027474898185
912,20759.80669506776,69.63980617534199,2.03292407866464,1,20.146511057530187
1228,11807.49512119384,18.30563128659315,3.421647030030349,0,23.384739322194143
3848,21501.589644714983,63.668936697433146,2.7326524452606655,0,23.400076602532636
3308,10975.335736769892,59.462529104992925,4.097210731778381,1,3.1284081646229485
1175,42182.16790756974,91.02891412668443,4.410339819753371,0,40.05230190312624
3965,9535.473492334428,46.38157566797883,3.1665856728670394,1,11.022444982615319
3004,48078.24702286187,38.89729873783451,4.0330691682242366,0,51.46094685168003
3467,21379.460941200097,77.48656879928197,2.22761805277828,1,15.000364291316513
3286,42466.01930893341,47.1407793475057,2.659884861600313,0,37.92093043006549
1622,31809.47609209131,68.14865575045567,3.851110704867324,0,44.700556774076986
4579,37032.16463462188,68.18050811121464,2.5448479712681227,1,33.360085640007746
2071,38618.47051527223,89.9235157924106,3.3540197406359553,1,48.09216868417534
2643,25737.39921275787,63.88231620871876,1.741491116330046,1,17.125697800765813
2187,27621.725644801132,55.19382489657882,3.399085259881992,1,32.185814018702274
4632,26185.797522627523,22.49841937568653,4.446054828907574,0,33.97627232482336
4351,29814.860526413882,20.416384601083482,4.474558559293703,0,32.11259154956764
3940,2440.3278420688575,23.888940875477147,3.8973776253181587,0,5.508403456054042
4266,20380.243322601746,25.466363319438507,3.983013516304504,1,25.723983676462055
2826,30703.246964497404,67.40893833972706,3.231709780602803,0,26.205189605899673
3414,30288.454697537352,76.68831252471206,3.338672360663299,0,28.016265196215613
4452,39854.848635675946,57.69923706337769,1.534602325642072,1,25.329617453669243
1095,33095.45760277332,84.6115959290942,2.7754367536852045,1,33.742751468578014
1228,49614.53250069295,99.21369040602698,2.8031051355454553,0,51.43513210179512
1865,14908.871901823606,83.80113662074204,4.833991342670961,1,18.46855946258462
4992,18598.400453645343,72.53941363083632,2.7243474504931577,0,28.11444463123692
1198,19808.510441522016,57.92434294934319,3.1973705796110305,0,23.821298443809223
895,23824.827543992178,50.39677645072374,3.13300559711641,1,30.765209287040424
4671,41963.90512527926,17.595314249008812,3.5470468681773086,0,53.490281599283556
4860,12553.812604001283,45.943187355522184,3.9929313253275835,1,2.1902897361760605
3002,39024.01014473604,91.91211731039208,1.9001675046834885,1,35.751499416811626
2319,20860.198971201426,82.72203669158976,3.114897676393743,0,11.903115903246029
1217,30490.91379943842,29.444622851051847,4.303670829264122,0,30.24927591500745
3282,31994.486128089,51.99470062274943,2.852458855350046,0,27.46506741750458
4077,19269.58322225779,83.50508823026901,2.113830185494292,1,13.58315577013259
643,26118.145055084453,16.064609930697028,3.6188363014251963,0,35.001656468553634
3640,21238.527557737154,44.86533271017934,4.295069583196492,1,27.512082578145726
4991,4387.506523144353,86.66571131865528,1.2525611717095653,1,-1.836849179390032
3438,22421.1040520245,46.35080777531114,4.107161933628909,0,29.61376434778101
4136,5772.276235124056,16.985318025829677,4.286591731847085,1,16.56435950419577
3722,20846.019154935755,58.82809316790263,2.846091710354427,0,22.86851420502107
1667,30053.00159175731,87.55682454264658,4.933222627273869,0,22.54124046166646
3116,29391.33006783154,63.12569886578437,4.146833362829236,0,27.675762960127958
1562,33468.4426714077,30.365119739280864,4.094650259582663,0,38.75287038635819
2656,5667.8138897766885,44.58156581236432,3.991354297648287,0,12.859630319542255
3482,32954.03903099145,50.511102506373895,1.602432412873096,0,24.464895317480323
3794,16295.254778125907,62.13397184384741,1.8689235458120432,0,13.762978736488853
1656,20553.251360718445,78.34159231773518,2.8559605258577,1,10.602890898713069
1232,43041.32644221259,18.898625587657186,2.0560173998378635,0,50.39308861171898
4830,1442.4898023479623,90.06868297158097,2.660963889336162,1,-1.0307143243141885
1453,29832.219033689667,11.107873271446802,4.553856439691683,1,31.09846440614864
3039,30336.985024905272,43.30471012068297,4.297307567517077,1,27.83748645884966
3824,20436.32904083454,12.467827897539188,3.520159513919929,0,28.167024636841777
3801,12614.364998308472,45.36768028107621,4.432481577004414,1,23.816554697025502
2042,12499.027874816004,57.32313389859914,4.135089556068997,1,9.552964409847347
1691,44301.77381337688,56.051324792336054,2.715939727363562,0,48.06154133195079
3493,22659.19431536002,24.906551232543883,1.8042606081997805,0,21.06587181836604
3181,17213.578786469425,68.11664590860511,3.0568041600373568,1,20.63149302914806
1717,22990.101117738748,14.03006054542014,3.9449155301142005,0,32.892880675251696
2040,33800.12967150871,78.57161381191739,2.745678394918372,0,32.21082428756591
3736,8142.071843992833,95.19799905941916,3.667087639135589,0,-3.215509315080821
2886,23022.257925473146,40.57919444360061,1.3773097051641745,0,25.124886142062
4219,29806.33418440896,56.551544354289874,3.9920189454856136,1,34.64531399493553
1888,47480.58438772026,44.1019250252933,4.250854479572248,0,53.624249610307935
2356,13373.861321695544,10.603935127365396,3.8273514231221646,0,20.946540971358225
1865,18603.28664789603,44.72870526056043,4.869054350105462,0,19.474590380390374
999,19588.570906198765,81.25482333352119,4.306608229842562,1,25.49111888762733
2180,30671.36972459926,63.63899579651336,4.612374911506153,1,38.0229185720434
1010,18479.870598960082,19.113392315364305,4.734284333830592,0,20.659986150861513
4812,27142.084339685083,86.24255407244065,4.205391967495235,0,33.50008792002025
1824,39307.72616240644,57.79768103967186,3.6970353680259964,1,41.58037596766818
1655,35563.894111497975,85.75510255702085,1.0228743254431572,0,29.679817272408066
2327,22872.063679116694,62.219936690652645,2.8633030128924988,0,21.49489935374302
3641,43346.59270603428,60.37196003541459,3.284649194489444,1,43.488728108546425
3986,28348.87223009928,19.473326667731115,2.2161210897919985,0,37.68827768445902
2310,27455.386135608413,25.062375982476517,2.2724177876138882,0,34.65935903558112
3423,2675.2005310187506,97.4822730846932,4.844637662840661,1,7.6754839664278265
2714,49347.95603750092,30.56380720792937,4.566843460810984,1,56.34808400105683
4686,7025.569617951709,97.97069061913311,4.396716022006817,0,10.467791217724017
1213,12325.414708954684,57.8721435871837,2.6240472068244425,1,7.614729393682339
4102,3533.145024834821,22.221014235754343,1.0547942016356582,0,6.337846897021037
4634,32360.14537500877,18.937198247832363,1.3208889858228563,0,32.34076336202641
4022,12010.35767166132,28.797766363516597,2.2487854728704146,0,3.329127044008878
4768,9820.511436163451,93.30735970228022,1.062971651982708,1,-5.314789524208972
1743,5339.223626938828,47.27352018954041,1.0685991276607925,1,-0.5658240371397296
4209,6062.138899076767,45.58908411936229,4.6664132065696435,0,12.911826822023375
1581,29648.864321686848,38.188563496315666,3.8246340084762163,0,30.168877047337865
955,34722.18542746318,23.235566550992957,2.2358239602726107,1,33.914693005985555
1394,20471.57043475565,53.90660774731658,1.5305783104038126,1,21.958370890205828
1884,24514.95699801159,21.704300426002483,3.0465428715803085,1,25.66255210132352
2458,34612.41906316622,85.19322127440948,1.0213846434174578,0,34.78990243273225
3572,1851.6097190885023,43.335728764777585,4.7536549754325765,1,12.85096549257657
2496,16833.402196443647,43.73232110036167,2.659260477555789,1,17.888097644375648
4785,48681.78965544698,52.66057856348403,2.609339820949331,0,52.40171869928888
1004,29425.499255077935,49.971494184917645,2.5623744303271287,0,32.63930096902233
1714,13457.00441497717,99.53721757533894,1.277313321551059,0,4.829582920748376
2031,26564.772285174444,59.084300909647226,3.5532889591673062,1,32.07109342740507
3940,17790.020917924852,17.938153341088363,3.9320144785134135,0,28.904744817795482
1323,27080.004452488658,64.6189607419237,3.704501590353161,0,23.264935405050608
1428,7161.334078525792,23.642586358289194,1.5537419733175772,0,8.672302580935733
633,7503.018037144592,12.784388025820778,3.3153606721423703,0,13.567819691728083
2605,8033.57573993025,97.36679383095233,3.2779379366890153,1,9.100869567466571
4127,47051.16980441524,79.61850023811076,4.473643151765528,0,45.81731433188855
2352,36912.046998725746,98.20980931723902,2.516510633502588,1,29.135285670124873
4675,8956.712838453725,53.00906032200182,2.485943774637737,1,9.472692657084783
3433,10229.10510451447,57.90317780340785,3.4741082348727423,1,17.293799910187033
3784,36810.64426867294,25.150326032721722,3.532290613998052,0,35.3633073163472
4798,8652.028394816523,32.221668400082706,2.8771409093031615,1,6.0601126067289375
3311,12493.503373406606,85.46942934125454,2.7722374493216844,0,6.8885107980715805
1750,48203.99480819955,42.056708240583475,2.9765906825515307,0,48.23861998883651
4012,13510.019711693161,84.4133476416777,4.444181198013247,0,5.1291333313643115
1756,33419.98516818619,73.81123518583286,2.84466760501564,1,39.219173294209924
3876,48952.93308262599,25.945383274467893,4.75972716787929,0,55.22631613419222
3986,19340.54158984984,55.670172950776795,3.016015054385304,0,18.40503178264291
4084,1858.2835522410496,70.96485893668452,4.796802772723566,0,12.468590894196813
1896,12963.217230696338,31.15334933234426,4.331327607476303,1,22.09950498803358
4137,41712.982375743566,84.76196594680692,2.4497252904633164,1,35.45912697532276
3830,43365.8329617968,59.03448917906681,4.454565685186465,1,47.19455464080383
3203,38657.44886166577,24.871784539834287,1.4402531368044609,0,38.842091019408876
970,6542.381134752079,62.46859835481422,4.700188701372058,1,16.937652986661156
1853,39980.00821312376,99.97424237403226,3.5265740603315665,0,36.1986110879657
3283,46015.21205268171,23.54693424970722,1.2175629940892447,0,38.885346906598436
3331,30429.86758476557,83.50812371075753,3.577026894603246,1,19.846988468869828
857,47102.89246056518,28.657810286880217,4.896990616579025,0,61.406899402068646
3519,41515.105301881995,80.41494965140785,1.2792026184585157,1,32.088942084845094
1167,33681.60433255446,76.11201308092718,3.218750839120345,0,35.85896298086898
4968,29282.07659887566,37.04404470403891,3.9911773990374897,1,33.91884408012201
1645,18080.109694856554,39.324080580800484,4.241034346798125,0,20.546496390981467
4685,8805.084816897452,81.32692527666272,2.6553098612831834,0,4.683774926781918
4219,30642.7422118365,51.53009606985814,1.816666236672972,0,37.0399544858443
3245,16587.466127287855,75.77362258406279,1.1693691150895353,0,4.108524955845023
1039,43455.494708854625,23.318573262925128,3.318904628388899,0,45.82917048556028
3279,49673.50993057279,86.73020037113982,2.811644281070443,1,51.156607259018195
4636,37868.960368163054,73.97962450140872,4.794977580598844,0,33.645228036988584
4275,5433.603069065486,91.62485279513506,1.2424196308596391,1,5.342371090159182
3008,15145.594181001266,21.91351411314752,3.741581373784023,1,24.89865409602269
3279,6346.371956521736,63.37130503245379,1.0998648884802287,1,3.5679496558984978
1424,32875.07074179407,63.92085265362927,1.685736706842171,0,27.338674368744147
3456,38494.35236323345,41.811466649210416,2.8143159996913365,0,32.884006921775295
2081,46358.066713154876,51.2619782112332,2.819489771211473,0,50.40607790512485
3824,22470.444974187394,13.418340696086812,3.7428021717345756,1,42.3574399204673
4985,45167.40682983377,77.12740347643108,4.6408521394710265,0,47.465833440717006
755,44016.66679302505,59.43902314628566,3.5561286356596833,0,36.05479469605634
2338,16542.59012150453,15.19669466822564,4.814140391406035,1,26.938783888127777
2444,43576.130651487976,71.2680303664437,4.526462559511991,1,49.80356759087357
509,19407.940342204598,52.01038695080691,3.337999182123161,1,16.293637851890544
3371,15546.594453453758,13.10151334825,4.33516780367531,1,19.679219095532396
1297,32804.65828092526,97.26469541632858,3.570310441294536,1,26.48191847815001
1515,17090.68016636897,95.42009287804964,1.3142313236949086,1,7.520314191635378
2324,31880.228668128064,56.16121745324778,3.96225889303804,0,33.32780913748914
4969,30881.758469436034,18.430517863531918,1.3796337650693848,1,27.493468670754094
3636,28608.50744007448,77.91590994387326,3.3763311222788497,0,21.39038998348373
2693,19640.565507407086,54.27379900951561,3.8105608234329154,0,22.706184181696443
723,27876.48636092236,37.22027304604419,1.266110432843421,0,25.77336972268628
4658,30227.788274285656,54.22763597757011,1.923178615706127,1,26.470173057356817
4425,27738.6575362782,57.0199730864918,4.662688929046599,0,31.777986669329795
4500,22776.553184808876,60.64405291201053,3.4652579689315854,1,16.041785303678772
2133,1718.6857952669266,49.710134228979385,1.9851440752421263,1,2.0339751378370416
2652,29766.023677356396,64.51797728251509,3.7627190845920264,0,28.761223116841126
1010,9253.774871993262,92.68612395457396,3.3871056798467585,1,7.95682117679328
884,32486.222478412292,42.604127838873204,3.0063027996717935,0,36.2366608209634
904,38207.87206822044,75.31448168979541,4.904747899952335,0,46.14167609057645
2500,25521.82014740633,90.5007301141809,3.7338151096300356,1,24.45414944019287
3256,27575.81958400718,51.03813481839432,2.5017644386716507,0,32.809129129782676
2168,47622.44942363357,49.91102527437137,4.2002937283074715,0,49.42236864716092
1960,42511.20070725614,64.19052868193016,4.5383331716847515,0,43.79792661561051
4136,45797.58928162203,63.22660834802393,1.5008822380673257,1,42.02205205883592
3224,40874.548127659735,82.59304080936494,1.802211911381066,0,40.09029237287643
4678,6336.99875048984,52.883504540046346,1.8649080365111188,1,7.933259754622009
2548,8300.60094253954,99.6510654675497,3.7648472375461615,1,6.540548270185862
4646,26804.56606617902,15.35244119805527,3.4121582202131333,0,25.954961678777153
1216,13057.413281101914,10.285106372263156,3.4759662587943527,0,22.046131040295933
2323,24358.0782770168,67.61784804036614,4.763093198758003,1,22.815456696581336
2581,20323.90086709916,36.859142112568904,4.103646131229224,1,20.26579194930212
3919,27921.297683092213,31.634414982953544,1.5117476980471327,0,22.088926131202708
2074,37596.910090655314,38.07091720038524,2.390028329700724,0,38.15403147600806
749,36059.054447864444,33.04428085944589,2.7415745847029425,1,44.296397023679184
1173,26540.472491781384,12.771104469440306,2.5838463549904196,1,25.604252032917124
2665,41297.277522035845,97.43797381515299,3.6772344366475167,1,47.30082877968602
1270,22112.242485363633,29.867093960750356,4.56757241302625,1,32.80972902760896
4462,44939.000202166,76.06267863303756,2.224205854091152,1,34.45813373079143
4863,4492.733232703031,78.63367552247577,3.2075085456847425,0,1.1305068609333335
2484,47778.34147163206,93.63316582065063,4.157637687654343,1,41.52904892992166
1577,33079.96099013606,12.749451138404197,2.6648722353813974,1,40.45953763573702
735,19623.65093792306,88.48435046023069,1.6724725135971834,0,9.179344180742312
888,10660.55220207099,57.45035627558202,2.899803861054993,0,2.6095269113418773
3537,24479.978242736397,66.92896989692451,1.2208900829721139,1,18.600232535302734
2348,10533.357836079747,68.00232494089303,4.769533816009107,1,19.119163342489948
3314,9150.248779413965,83.78180244862548,1.2992848207798922,0,2.4080570568984347
3874,31250.236113235736,40.00665899431995,2.7538268610023127,1,34.74944325259178
3778,26631.15150450745,75.9746070873994,3.1195250443541047,1,27.458896372210923
1752,33834.70569593614,57.57202987499774,4.941215329149141,0,30.398555403029277
4481,46550.68799367747,81.4054612874813,1.664087294571443,1,37.24144581829896
2622,27080.750453612967,99.14914294931201,1.4577260744494343,0,20.11360924356862
2650,29465.67060987709,28.05859156633851,1.0348245882501743,0,25.942685711466645
1829,5391.690618592163,99.51837774039981,1.6222857474772092,0,7.206697091477389
1858,36164.15350952285,18.08309388544966,1.8290919162706705,0,31.872415978114773
2982,20595.355133403653,10.208579311433247,3.522323766332369,1,22.072844218760814
2517,48859.53669446636,13.974574256004814,1.8788271615656016,0,52.67245488939582
1831,41335.52676418735,40.76041642630855,1.0820832589173008,1,36.284184950474646
4844,26601.570985289796,66.96156976105908,4.306473382009955,1,14.059197778452766
4761,7037.910054436136,16.21265867990647,2.462382804015867,1,20.01481594154631
1858,43111.37387074887,10.509923307661055,2.4147867463229358,1,41.51842810149619
3677,40189.27367577706,94.33819256129154,2.2099161166717063,1,37.979750266400345
2628,10044.671347314616,83.97339723459366,4.901493108585683,0,5.183361984905842
2680,15468.636171795193,82.82648540251279,1.680461669237126,0,6.231736434603215
637,39876.955649244024,89.59818479517794,4.592952255812941,0,31.98837666794592
3972,10076.193880823073,73.00308454948939,4.107213328559552,0,7.284345081677837
3332,45969.871969397485,19.39637167732733,1.3059198219972523,1,43.420665358416514
4079,21801.843834621734,45.919016926635074,4.946916406003394,0,26.44094656724053
3531,5264.909166795273,75.08345378181666,2.085463854156042,1,0.06464728504344697
4664,40971.683531709765,35.23010147123688,1.3943317080896493,1,33.029737665946236
3093,19301.97446888099,71.86657277226138,4.317256936503037,0,18.1303319229413
4800,26798.46051353527,12.204860344088711,3.8267021347107995,0,40.46643208242203
4318,6502.9128761497395,37.552360679163385,3.468875223511603,0,16.32737998231567
4638,1126.6167274041368,59.42173026494554,1.6239234547957326,0,0.7107257550744985
4323,32261.275083871584,66.88808465556181,2.9139844650238476,1,34.71593178206396
4542,26243.58334635285,61.93365980157198,4.122224107548855,1,38.598779586970096
2406,30083.389887034213,72.79806484660865,2.214495752575361,0,30.088813205466554
1260,39893.4486686453,10.547987341585516,2.246759314060166,1,46.55311786529484
3945,32683.689757720145,19.084707997976935,1.0125636241924885,1,24.97743107573972
1399,9563.898698541481,88.20498270512306,1.6969736065815182,1,-1.4258051649984829
4955,18677.85343641939,71.35737796811452,4.501622500487337,0,20.381909055576596
3447,45388.66413460026,20.163847841741017,2.7669859665508283,1,44.86904015815657
2219,38727.29031233227,85.78669936587212,4.936937996937736,0,35.03271993450468
780,28275.215838899145,31.80080960421102,2.5828318542951703,0,25.848503345907144
3766,13526.604892654343,53.04338957757011,3.860745819120965,1,8.825904362233624
2387,15800.964589904957,23.067686159619427,2.1276761716189165,1,13.792625886770587
3766,36865.945311696094,73.9099050779536,2.455238564563734,0,36.0826097070827
1166,42707.53878178577,70.0168978912841,1.7629039503635786,1,48.21327652580794
4688,33899.8088070001,29.000122404952258,2.38824947399758,1,39.76120642806813
1171,40666.96881265365,87.70606901713016,3.1889500816825724,0,41.45503949950296
2469,38566.15062481989,46.1175421797741,4.967091523916998,0,35.77091253268445
4656,8335.494429890929,36.32635819636676,3.6568068522871426,0,12.612955839938623
3622,21773.2958327518,23.709663051808192,1.7969838176332562,0,22.661497646351794
4400,8496.206240599571,33.95512112639837,1.1798457663662045,1,8.914091145448037
1023,12526.543655297255,11.98242291014353,1.5054259252580424,1,12.53571586741169
2893,43593.72160790158,62.493174321050404,3.2502208050921895,0,52.155229491054264
3617,24171.706316025924,85.80076717095531,4.060641315267065,0,23.97678981095364
3093,27232.546990290382,59.408240449747765,4.761676829202988,0,31.56619337840595
2468,9743.852296160834,29.734656573148815,1.0632926879872833,1,-0.9152291094137333
2253,16301.317516391005,13.030226039248545,3.091040566247479,0,20.6469976352395
2796,12282.062252965627,29.316526593292256,2.883469424892707,1,20.86364519357499
2761,11103.122061402895,47.45092852639831,3.624220087902816,0,16.384347425273873
2786,32260.078872482536,78.36502858298168,3.238315417861368,0,20.122252151191567
4702,13587.308534640026,26.90585672839967,3.748156602329922,0,16.144660700728785
3378,31968.758815000503,74.78123080192175,3.6323303389967614,1,40.41479374961686
4643,3864.2760913191414,88.02401215166952,1.4680468994317848,1,-2.7552349263918634
4144,7946.945282827991,50.85521632975214,4.198871654474878,1,12.871246872358169
4932,14452.472446006144,83.9288792478334,1.4929303028652994,0,17.140491563389908
2555,30255.298927888893,59.919161323158605,3.7941225008365485,1,31.078557089511598
1776,34116.22100928142,67.33817533728146,2.664581470562427,1,36.66671571646765
3266,22693.13137219683,57.365061430438246,3.0554029383063916,0,25.12441049155759
802,22843.75481428422,51.685544507620754,4.613192057502842,0,30.027328796079793
1138,36501.32571853229,31.11880975982644,4.559534905893946,1,44.40459283850489
555,1775.2334965135396,37.28746535149415,4.271425222620119,1,3.85118801403043
1025,17713.411199236805,36.09731070492481,3.040593521825293,1,17.945879415281563
4623,41116.64579884241,60.696003785843324,3.9449592405353324,1,38.664082999487114
2625,30557.75110045524,20.795832372150095,3.0515882220752375,0,26.382798713039257
3787,17524.129505015597,92.51125216321016,4.478424329899109,0,23.452502501876012
864,45370.71482415402,74.85896307548019,2.6111033329315996,0,43.15744001687525
2146,38858.513645019746,46.130106782187426,4.880941377659507,1,49.97818663474231
1418,13979.876914599938,24.276173007374016,4.72929103291551,1,28.837705052616805
3297,32619.202038760126,89.37929527494722,3.966410477807142,0,31.881180871427407
2031,30191.785681258876,84.14002810910488,2.117663536704288,0,19.445664285303835
3845,20658.207787910153,74.95493974454614,1.5266143551730336,1,15.235001794539274
2406,18980.84788103523,34.43923426701181,4.41881380037279,1,21.018834021264023
3586,17834.463264009493,46.2201973690302,1.661209144551845,0,6.634109520935226
2575,31240.633386386693,19.247342720718102,4.417043155989343,0,35.64134090164918
1213,22678.086887552807,27.013557225477854,2.963060026849442,0,25.54516515838134
1562,41761.29254931968,80.47149735850596,2.626227135232417,1,35.74997510511064
2476,33810.52819056413,74.35348469656154,4.612763115337716,1,31.74298051682598
1796,4426.648679762273,63.413718667834125,3.4154039301611117,1,-1.471594437363689
625,32368.242967580136,90.61540533335555,3.306456028518871,1,30.89922523305371
4096,14286.224388509056,62.493986603174086,3.2350637784975906,1,23.853299701268032
3783,30047.78759101771,52.02711999672496,2.4846780640781256,1,36.2075511597572
2103,34326.464624069115,40.63336716751864,4.1425724141165094,0,41.8164071754851
566,12310.63026854659,94.64036551625553,2.011193776063092,0,10.24602686370243
732,23386.073599138064,17.444391537191812,4.7555798401651,1,30.48957840445346
2656,10325.918278134322,93.77986348547276,4.575940820187843,0,1.0772476735275305
1669,3564.604913538907,84.40431939379165,2.3499213026995927,1,-2.0231428677445686
2658,19545.344750807584,21.693693208213116,3.917855079326655,0,20.36529715197883
4706,18784.269320453608,60.84859219077282,3.292892777798366,1,20.058679403699678
1993,49778.54404450859,87.98931835741782,2.3505972079969384,0,51.84688014445446
4507,22871.265208684465,61.46282472464384,4.9540865919817865,0,36.50020387142595
2972,17344.90792413782,91.647983940456,1.1009493833930568,1,10.705113452780997
3160,29443.275329117056,94.86854351344383,2.0105841224851466,1,15.641807536856184
3239,5349.602311280654,48.01460699658753,3.0802962444446016,0,7.022114351320996
2261,48121.621061785845,43.95822952656913,3.0878120139142555,0,50.350702951524354
4014,32113.042233960623,94.26890385722412,3.3557322997822565,1,32.79183580043372
2475,37987.05317710154,70.76260550347013,4.006704688091677,0,38.82822425093372
2862,9353.41897052196,20.442041321335235,3.4939113220771856,1,14.629628852346206
1376,21064.41479725499,13.806257430041308,3.401125842112148,1,23.32573694903986
4312,21711.766556413288,60.816614589753684,1.2140578516521732,0,16.498710885197873
3948,41268.51575115325,93.71538688945822,2.5061211511571932,1,39.475381498597734
1812,1060.5973082110627,85.98238321652366,1.928222958804624,0,-13.723613676549558
1960,15741.802309309498,70.82629718179028,2.0614804464079017,0,11.19569065562715
3209,49080.58234287089,22.520426400197877,3.2173498973613794,1,56.70273933755342
2824,24269.44063180471,32.8808245373826,1.7980212597184337,0,32.78104540253099
2233,19743.787731956403,88.79601038973546,2.17579640406759,1,13.224097280466854
2105,6871.621098864671,26.45265129912104,1.9483388340693604,1,14.049882541210224
3063,48734.066802772766,35.05954674253911,4.7940117728727785,1,63.266254901354124
3921,1981.291440365399,21.664058607589777,4.778662928684381,0,7.445299431661791
4017,37121.83102535491,70.849740827297,3.439766234384207,1,34.12534674723452
2897,38661.390434636916,94.95840748268887,4.6980898749276,0,37.6513570857636
4235,12939.179087129465,34.207122843584735,4.143250581873493,1,17.395209041202502
3370,33906.363737038824,52.786594706506634,3.359791531207235,1,40.80140066808023
1660,5553.528074590106,67.0905765740084,1.0257408459871828,1,-2.9726737883843457
742,13595.316055171914,99.95196233940676,4.090065144317617,0,19.470577290393816
3090,39607.197426320985,19.43272584978149,3.8099533663538754,0,41.28004381041951
1563,43369.62340964347,54.87137195551382,3.461014613129656,1,38.482390842263584
4824,30815.834220329773,44.660810791225,4.041697246729887,1,37.05203369246044
3095,25835.08315920365,87.92381487001197,3.051688659099063,0,29.29888113474661
1419,8805.897010330034,52.83709579104903,3.8163330852853563,0,12.048131006860409
505,4092.342620878358,19.987977212663328,4.740688346905973,0,13.75034358325534
967,6764.802395204372,67.09817307579253,2.503220063384345,1,14.832911404520367
4670,12140.50770470884,79.37025564374918,3.8324873396025017,0,18.09172072721543
503,17742.05059294912,10.259312649905313,2.902751272043835,1,22.676248960958752
1145,19664.566750038375,87.30610168785665,3.697598607255926,0,16.173419379854874
617,17969.766660861173,26.742070000509905,4.0515733422174565,1,28.874000677652024
3428,12713.711277666014,59.686242818804004,1.1818100017431838,1,13.255126566401415
3051,25976.48809083321,47.42177506187051,3.5864017757946476,1,30.499997549535866
4789,41439.019303411944,74.76884349494773,1.9069647376277783,0,36.14099599920529
1346,14705.473385102481,43.404545330716765,3.680130151230267,0,17.343330973157173
3262,47176.96393600942,88.27868590135397,2.873320743735254,0,43.35813901025425
1641,43793.49642446855,75.74467248629112,4.094210967459549,1,42.85560719285206
2310,8926.446356253371,68.29418539566294,1.4936032608223857,1,2.078493655351934
1223,39527.52188109763,81.66165360065689,3.5052894066247804,0,39.697928514023005
724,29154.781733570566,77.86207314355441,2.1138829157102093,1,22.364763771788827
4708,28762.19274639951,13.2344807429398,4.411927981322366,1,37.1494964893226
2548,20161.095389850547,45.52609184603453,4.71353402254523,1,14.536188089242321
4915,25556.496959918477,93.77265675848409,4.985593174716222,0,23.15104679049843
2073,20461.760094031342,21.31518420930036,4.184029609709134,1,32.18994689598981
2328,27446.8983192372,76.33868953888461,4.014936281712018,0,23.340755801450328
2417,31769.552585859154,97.71326302017967,1.8620030354702042,0,28.68274215999731
4734,34040.88651404337,14.697876614047447,2.344028235960435,0,33.17273657439411
2526,27091.57843541188,71.39744925639494,2.862730167049118,0,29.55622212783672
4244,36349.681299107855,52.133872717092736,4.093524191128999,0,37.83779767366388
1401,7922.6244144997845,62.12577298372499,4.6598634603118745,1,9.346541014924606
2539,11387.142054209688,17.68072028358924,1.7565564000919385,0,13.403940218769725
509,41118.01519963924,13.870625668024553,4.6894699386804115,0,42.39275767458913
760,16803.870914474344,70.01799944958296,3.782498609416232,0,22.227522282130817
2173,2121.797423829892,84.09784868386461,3.4430829227401545,1,7.115345608502425
2719,8535.766333733523,80.38138014396705,1.799365085127758,1,2.2962010046175476
2560,11957.10729031925,58.94251550796136,1.2221001312366022,1,11.128076856504052
4213,47908.82150683477,18.988013902256036,3.2738595940317596,1,56.452292705732965
2119,29079.030017611614,71.92399994524123,3.6060627333155697,0,28.642467728060485
820,46703.80628333649,31.769999519873135,1.843125797418753,0,41.67182216259736
1842,29183.004174334623,91.99618324906453,3.2258248233018256,1,34.40544615579105
2876,24488.367566754736,85.44388235911345,4.425973611050294,1,22.833318028299985
3332,16372.656868510707,73.84446703786517,4.34026378182008,1,14.623063882295298
3324,30712.176277235405,95.39613602480173,4.709420722345189,1,38.78536377611523
2494,7820.703206258962,12.827963936014564,2.4635432382275217,0,14.515287126893568
3458,45014.819737342594,76.25803825546858,2.272198290203675,1,43.22056287249315
2538,41637.2878519229,39.72185014027648,3.9977040239232347,1,40.80670756872896
3990,16559.040945960114,91.54592971177287,2.72444962038802,1,16.86736750662497
4177,47687.07885246342,34.000767699577985,1.3501946561111224,1,61.46998442232659
1618,41434.83760336284,75.23708493835153,2.131204522681999,1,42.57607647428438
2104,33649.03740591695,88.98823176857033,2.6743291421259565,1,32.579314994774656
4527,6966.333645138465,13.749113654441418,2.170065701905008,1,13.53701766593482
735,24433.46712935554,45.78828216328325,2.3288222837892865,0,22.871706814763076
2469,25799.27018749079,78.60781288197448,2.175103624697563,0,20.60044250072273
4929,12395.016559903625,50.942700055682835,1.1659966687323178,0,7.880512470618893
2408,4918.304323605795,34.05273668142358,3.54837880329777,0,5.735038485124591
875,39059.45789311294,29.782481394087103,3.389169681413877,0,41.0973247876519
4030,6979.717554095357,21.83664402247401,3.6135339939147224,0,10.237585178432806
3135,30120.24677752696,87.1416603870654,1.7692395841345099,1,23.721137362918782
2070,46886.00952029937,61.78198629264004,2.182618166449941,1,43.70965706603475
3060,43929.15443730408,16.874645049231038,3.478463707779689,0,50.41367663298886
3891,14609.878563713795,44.43222912135719,3.3985102738396855,1,17.35764129029668
3465,42720.983240012,43.09602857245989,3.0253212374170713,0,45.29883512515866
4143,1016.292799903981,26.35652716385167,2.4016530000407896,1,10.795433900322806
4350,1866.7026710496039,49.195686292497165,4.65172401909876,1,6.634253273579963
1372,30525.105028300382,39.88894288538228,2.359080969195375,1,42.308827642156814
1752,18875.112738081945,40.76233349429643,2.8224766257490064,1,22.207280339263374
1814,19936.58121679821,76.51239020091629,3.712455323816835,1,17.473954889926066
3398,28657.613443265243,30.093704695467668,3.1720857234670565,1,38.740330615887586
577,10397.340324001168,67.76739629698199,2.3875439054575422,0,7.998052166677061
3121,11376.01218260844,61.35846614928414,2.7425791618260393,0,-1.24309686733854
4727,24745.47776392437,61.128326110408054,4.177923271414024,1,26.968475986535694
1100,37958.42367284929,69.67066115275983,2.1125166219464497,0,33.970511611746424
1565,31355.389818971795,59.35438325760886,1.5690209591072617,1,36.59073034286711
2636,15570.397363605105,89.13296033617462,2.2526528073191083,0,6.674573519624025
2949,22086.52169793714,70.80220827552338,4.398136861951605,1,22.13930050389665
2843,9362.573168949923,59.22669262342493,1.3559588594253866,0,12.490018505760496
2363,4656.860902517004,84.67868082588804,4.966784293489807,1,8.094604070528714
1818,39352.10599646331,64.55319084401317,3.16401159571065,0,38.36752597861762
4097,14003.983050221535,36.20298230066611,4.9393829758683765,1,16.480022439526508
4262,9710.553004711162,28.638542635891408,4.755985688343911,0,18.117398752184997
2690,34889.28472289665,23.70950070964109,2.811254856843667,1,37.99433864952853
1492,31284.532040072114,90.95096912914914,1.7939642984213964,1,21.938217397964006
3212,32026.29167465974,73.91218886182592,1.6595391062605538,1,24.374918294358928
2692,12215.835637484068,94.36405943478887,1.95995745547983,0,2.626984032739431
1748,12399.631389571368,64.29626251434487,3.840530562258149,0,8.68828819383378
3554,11819.328859496318,52.60607933454213,2.0917999789259514,0,15.412489683755686
4533,9513.87718745243,15.37448400738004,2.3657010784171932,1,16.704797736651003
2497,33130.45995552116,70.44780533914269,2.795115215978459,0,36.354282135492774
4187,42552.77837722067,62.398788379140804,4.652930721685825,1,45.64125872652086
2651,36491.5560141564,99.11880042288593,1.7575736715393844,0,28.88167937594579
4518,39812.58805426662,31.524290000401873,1.0201062104392125,0,37.57846092564817
3610,20835.12302517479,57.76636197581523,1.2403856415126806,0,22.644765975149173
2470,33049.7139732279,68.58616016062653,4.619065366720472,0,26.32848958062705
697,18357.575781793952,68.01320572681092,3.5900658593734525,1,16.16395641107265
3126,26749.726476463362,60.51641886535624,2.092162477311227,0,20.445681407028104
1702,24600.107480208255,79.92352092945029,1.7087700040447644,0,26.824733128294792
2535,9667.470112048866,28.44830885741348,2.1770669465484573,1,8.789485502168843
977,19966.85925644591,75.30644802469743,1.4591877090051204,1,7.174645694787536
1754,48227.2914986352,65.77611142897803,4.766131641137765,0,52.299061849246876
1422,13180.432628032162,90.6467600615116,4.136824697461067,0,10.538835042333567
919,7556.383077694947,86.24749951302235,2.849564707650163,1,1.8461185032682286
2704,21510.45045957283,38.36323352192979,4.459850420460808,1,23.293668164672326
3097,39726.549057147255,34.86135924776377,1.9978328171729292,1,36.7386548709127
1620,29525.263259218642,98.34879914672031,3.868482273888774,0,30.97014946660738
3568,34367.76653467398,57.45386628237309,4.424529996054973,0,38.59037673133584
1450,10295.047560559182,91.57788675229932,2.4270748464930905,0,5.0015798001627845
2836,31328.461457378355,24.749292140243398,4.029857781802871,1,31.422053422728077
2743,16851.519350662216,67.85370233201569,2.1802893970572375,1,13.582261294635517
3145,41880.86493178361,82.88741686245275,2.195428541036123,1,39.286119615610716
2357,31835.641494526073,95.26557246278021,1.4282287142167442,0,26.65881391797899
2365,10743.957610989499,40.36061269153211,2.760232186037595,1,13.032782628870322
3412,4166.217312360221,75.24830529316472,3.918847625989689,0,-0.13388129911451507
3353,3089.027255064604,58.49317081356571,4.760883222285139,1,-5.254406344681784
3728,19199.019814856896,15.456603345982138,3.4151879677163843,0,33.48182921595112
4219,14026.70569606136,72.0999763578049,4.452542150942956,0,9.173607991624126
3728,32658.416049662894,72.10869024140591,4.289978597160909,1,24.202714426509427
2871,25467.357913952295,93.75461243618832,1.6933722119011234,0,20.131219159156185
3391,14034.944622263656,54.758120155207514,2.943269715650526,1,5.903079521890351
4256,8312.65111955863,30.72258286394632,1.467694142101566,0,4.151787374492703
4725,7232.78837168503,14.010744110381124,3.72861264624654,1,16.03319138218414
594,43368.35921488047,47.407796801731514,4.799598672984304,1,57.090213223046156
3174,12930.420451838494,37.17250300697516,1.548357832315026,0,14.247444857132914
2455,32933.82174763745,78.49794754214881,3.9355325232101652,1,30.759295685458493
1293,40723.61047132705,41.884098835694196,3.528952603471444,0,43.33600802266631
2334,31089.984248052067,95.41640766833595,3.334420148032399,1,19.17425399140876
2616,43118.696350700346,96.60791826890058,2.560480938753357,1,36.32510585549125
4606,20227.29235489525,65.88177311959373,2.4205265910152503,1,16.23126020533165
3825,47854.887341798465,93.57942583133946,1.1809967560755514,1,41.62558158150152
3419,7524.10520472675,78.47689100630461,1.8716348330080539,0,13.130633833581252
3097,6005.326953219366,59.21736768776135,1.0607075291473076,1,-7.478971200923349
3705,33275.91516416473,26.22771418805003,3.325668422328082,1,35.26609253214347
1314,47198.72592924983,51.2738149162456,1.4234129435116354,0,35.750622604689305
845,40635.289620180076,60.47870170263558,4.492077576118865,0,41.05475413590171
2849,4744.42611246452,87.75654226615092,3.092572082788661,0,-2.169094654163218
862,14689.017982801102,53.32000388820984,3.7987596362348337,0,9.482805328942785
2943,46585.62535705336,90.7907205410161,2.643428367361986,0,47.358870190324616
2765,13399.863207238443,70.6914081121122,3.2423192360041946,0,14.09359938728776
2688,39277.350765559044,22.329915674830424,4.770636707866522,1,50.56491076207928
3505,41431.477600506485,99.54832323925837,1.330936158494683,0,31.480248470232542
3781,25277.15306958811,57.45093946785214,2.0157510876947846,1,23.209978919292052
1484,19931.096582567458,45.2672466768171,4.119953307642177,0,31.61748173625167
2139,23056.097188568223,69.32023880225739,1.3949488275306634,1,18.900369987858248
1327,12121.270023902844,19.800398258293516,1.3026444156164434,1,16.786301775103585
3230,44580.154890313366,67.28847820780189,2.4461655950161543,1,39.65635674598184
4031,23080.363179758137,54.841240044934565,1.3686718338897292,0,23.91366955986544
4951,44240.51258234889,46.60066629987248,3.3403137688248123,0,43.51647669098476
3435,6178.98051540743,95.77180190610092,1.9051010032663993,0,-9.070109548968224
4376,49425.48827900644,57.02857450588479,4.58279185279749,0,52.85030009440772
626,22720.381284737294,29.72057315229446,4.134000323381027,1,25.66480890325009
3677,3343.710199311168,51.30671314395688,3.7988208243979047,0,-2.3132262632750216
3556,2863.0705636352905,92.74486641154054,3.4677761095380077,1,1.4816003999231213
1103,37564.15561661009,25.84859241975352,4.453862921365854,1,39.419389792599844
3949,33292.74117598036,29.256133481941323,1.8922482461710275,0,49.614830712441695
4646,40304.39734825179,11.172661098137537,4.49243537105691,0,40.849790813483516
4033,6163.009163687492,11.277104445619045,4.157969193696209,0,7.2866123942673084
3867,2742.9724847418693,84.64524642626613,3.992643305550742,1,6.6114899864556955
3868,25920.385182931346,75.89103461586602,3.245022712299696,0,24.156217742743692
4297,19992.166342655706,41.95369508067624,1.9849766438824004,1,24.012761668663977
2292,23635.399896876832,72.84800415048156,2.6941916639675854,0,23.640938079253345
3361,49587.83203464343,45.56853336789732,4.174282618155207,1,50.4680082945082
3976,48566.74792586284,95.76071163980447,1.1271139374292978,0,34.34944267134282
3917,47173.454093986446,97.03474132834313,4.1282030770550335,0,51.08180151890236
2145,39408.29116161602,45.3514398228409,1.960282961950266,1,32.35146217528597
1705,18387.22665258763,86.87997157067812,1.577236802886412,0,15.648232907113446
3530,21194.41558287581,79.57801375277195,1.4628052727212086,0,20.757218539325272
3372,27931.1861422273,37.89999434546104,1.1090000478032604,0,25.724597783137913
3572,41696.18836383716,30.88358460109954,3.0943459408858116,0,43.27578410705982
2354,4366.92879339512,51.24111853535504,1.873039490774918,0,-1.9297346018956496
4521,21790.547408359518,80.32139565529656,4.957727063118526,0,25.98757555258842
3208,5048.2655095041655,96.41510062558709,3.297747023488823,0,-13.227394661484958
4002,26218.22174210207,78.72211619799153,1.5515410774240417,1,25.027723972435055
1832,45046.140376305535,86.9686286516533,3.7550501632454614,1,44.4567595425097
701,39341.76130363296,64.27578755534648,4.590974266038901,0,40.982052581577705
4007,12164.278459612387,85.18670477579133,3.9807179814784575,0,12.818555318309409
4712,48823.55163034083,80.5978772203076,1.3057594441577907,0,36.50750083696501
1074,33700.16950427499,43.928698773365205,4.583536724770639,1,26.409409636100335
1036,1510.9572704727502,59.6791271908649,4.175717543439859,1,6.237354988035786
2125,13515.260749575757,82.42778097907254,1.6332156004224574,0,15.121644713436867
2622,13774.95169607591,14.145106077096074,1.2071435549312675,1,6.077718338545152
885,4393.461008007136,82.7271354120247,3.229242301257234,0,-2.68316831566293
3781,48031.49938572052,26.00993116441211,1.6241432453599076,0,52.44041722513631
974,24434.509434220265,56.32152554092951,4.338363810381088,0,29.27353330062375
917,44894.91527122221,82.74478956003439,2.433338626686695,0,56.3026558501257
4100,16788.559668786787,32.84389703410254,4.6515697789463015,1,28.18559686739863
1454,7136.444951208529,32.122669537553776,3.262752688564023,1,14.62680573404644
1705,24242.46938540448,46.248795861602666,1.7306895369586726,0,19.26002537318715
4620,6583.875101001541,90.5178517819871,1.5583954694392004,1,3.2729098436346433
2490,24814.759645899456,10.03985032934871,3.3058897502310156,1,37.899622425803464
4072,46094.56187975098,91.12447869777415,4.047534447449776,0,44.255229079508595
4880,26517.638949876422,23.8426322177447,4.126022590968729,1,31.799348041353745
4658,31208.48661785909,99.10777384607339,2.103029617765125,0,26.21053610181667
3213,8675.283411716606,95.93622937346213,1.81698703564867,0,-0.6068588616934418
2703,3143.0456681185046,54.5207670632155,1.0670252179695296,0,1.1698369683525844
3620,6429.590146810545,56.144822303136536,3.7167966048046774,0,9.468561817484654
1466,30328.047208533917,53.339440624826885,1.306273033734156,1,35.00658127942283
3932,5655.573250622929,67.18992810935703,2.683044807063703,0,3.3557078412611174
1188,19423.65160712426,18.164953201143796,3.4067286560731844,1,27.79425632947378
4743,27954.505082449643,12.935615350740985,4.748435779678708,0,35.3599886967727
4201,20043.987132862505,15.193263557430896,2.2472085478230746,0,26.217875081676787
841,9020.506271799772,49.99288143173629,1.9990886497860791,1,6.769103149238813
2224,14415.77406819122,34.7993145297535,3.6166406171443937,0,21.036488784230688
4922,46487.559109580274,65.98356061338944,3.4769561282143266,1,50.484294450112216
2292,34123.13150373141,99.31980604373011,2.3284391332324983,1,23.51474850053436
2259,25306.34409531444,44.769085576881935,4.712407342039146,0,35.76612732505754
3712,1623.0296093577824,61.6457128694062,4.379449309958531,0,3.384970007594117
1489,49628.354623984036,47.40435063166019,1.8959301834603246,0,46.33079645460793
2762,33901.291809837516,86.25445009496734,1.9565701817380927,0,25.638946605466863
2982,16529.2013899023,91.20127631160143,3.0492013875483224,0,14.998477924330007
1451,44084.16433989407,88.9620050984734,4.094288406922882,0,43.353432199374886
1222,13663.149394299087,97.69350148113318,1.1761615175538576,1,8.100158209001915
3889,27656.812379954827,12.476726662637375,3.7733406149388267,1,35.90692486516114
2579,32167.467422761427,85.58345459309778,3.592943589528388,0,33.83793236925932
3217,11832.105201232695,77.6594955735184,1.925920383651953,1,21.799416991950054
2832,48941.4666612292,30.582496846032832,3.725412052965395,1,53.53249986921596
3876,37661.40339297088,96.06880840487747,4.76073276500833,0,33.90312114963693
2000,28332.848050042427,23.33601354069509,1.187143379887074,0,18.274466794055897
785,9849.135310589743,71.15949344205175,2.27860822116825,1,1.313818417768136
3995,3639.05214290328,30.240119513432123,2.752706866665421,0,12.297197178655463
2565,16682.93179352819,48.82425838966672,4.597041435698758,1,24.59421135982457
1268,37906.179459756735,74.7243907250112,4.849045786436626,0,33.3819017275539
3557,14197.233616799229,60.6992177829742,2.776460985985329,1,26.00129601546857
4789,27438.25480427975,48.47516481953005,4.000113648568765,1,32.224788007771814
2661,36669.411659806414,39.370458783878846,3.126644095057932,1,41.28723757093609
3793,6289.242017676753,85.56936901379113,3.151131738965506,1,15.255694493909056
1446,34579.602789677796,22.943291528333233,2.1123980602654258,0,45.207348361516395
3835,5501.673497792191,48.709258887682005,1.867824983455518,0,8.27208495509583
4650,48291.35736422283,91.3381814597628,2.1520213836961646,1,47.607651689770165
1981,24931.31237318204,86.1264595413971,3.2253120290283173,1,27.383215957953304
2401,8383.129277783992,46.0847586225742,1.116620744088356,0,4.803059245143203
3951,17776.798165643777,78.67975272411775,4.628995777425623,0,20.60077893580423
4564,21257.40601546781,84.08447476379733,1.6251348381991049,1,18.97083068585985
554,38151.06554275033,89.99986816032667,1.8803547074855462,1,32.277875169796694
2323,37427.765517753855,59.00551921443052,3.0731047057905854,1,32.8463254593142
3962,30985.08476152922,28.40147974492406,3.8404590653491173,1,34.49520291119171
3579,6190.604915366155,32.977816885353846,1.3829162189775892,1,0.7189926252563454
1332,8426.899207796007,36.61252066374438,2.2707787901886487,0,9.62906757616002
4908,5594.089111632275,63.4422232728654,4.874698422297429,1,0.0969778689080254
3306,29281.466381089955,12.95286617157476,2.049371867123783,0,33.790116050717785
2990,43979.7836340588,67.24382219019714,2.2522005802525875,0,33.60343009770343
827,22256.225100483818,42.79188145854088,4.345993962472134,0,24.65165957960897
3810,8881.560523929564,36.5717622240678,1.200857726761821,1,10.146605127450652
3800,28344.073932299383,89.15469136553138,2.8584526752358834,0,29.10124370378066
4175,40775.85862641978,51.4002156022719,2.518467057806681,0,44.034567226223466
3554,37343.89101413357,18.55477409794235,2.2663470396346046,0,41.61977725597795
2643,44191.08820407605,84.40720912236223,2.142798376179058,0,34.43959746796048
1811,14617.202765194525,14.287713169285594,1.3654964194416368,1,20.822466061483027
3691,10503.739496120968,75.4074301751377,2.2593033174065953,1,1.9995962908948322
3038,44111.007811154996,79.65155995935986,1.1722096108626743,0,43.96315013921598
4483,33220.455326123134,41.73423453359723,4.1238554545777415,0,40.433266569327415
664,16235.517570370155,84.2309070650008,2.5929111758320467,1,19.79275678923186
4777,37375.05447805295,56.40934652708081,2.7756153292796464,1,37.40969290398564
1322,40940.800839538024,51.696428794551714,4.574378345800526,1,40.82609411562879
1443,31133.933776715487,14.08629533218233,3.632219935444883,0,30.526481493590772
4925,34706.32138411584,36.10262742840153,1.0322364133684792,1,27.25263479514802
1274,19387.73531769065,93.79089737967698,4.772699291845139,0,11.370170420378166
2698,27396.087699808915,45.264156695515,1.9485778639108449,0,31.47684234276193
3656,26683.799365581952,59.203046850109146,1.4304567390394354,1,28.961492923811903
4742,42554.34176540782,57.88195110858266,4.072512713523529,0,47.67967170788085
4195,42158.235033826946,63.1387980840424,3.0019092634668727,1,41.68296919199007
3952,41801.342998005115,15.519786007895435,2.7350822640720702,0,56.02432610767227
1414,1540.549098860824,42.59586293188555,1.998012318730967,1,0.7862450283141648
1808,37727.72873897552,75.08154464942987,3.1898859594492746,0,37.703930233650546
4677,38175.14311543924,28.050422596568463,2.09753842081035,0,39.325920130757495
1013,34240.56231990195,28.322053979172438,4.606332021148271,1,38.92948063196401
2420,38056.968236681176,10.908154602012225,1.8608179189327712,1,43.84266106350099
4094,42256.54820333873,49.37337339473888,4.537420601823014,1,43.226568621488255
1909,24045.633650987496,89.44609426060798,3.237621702909428,1,18.073378498172357
3690,25600.46046093391,14.671084922857812,4.313952535580964,0,36.16860396685683
4991,7110.988788658134,27.200683854640236,3.85138398344382,1,9.605646537270054
2055,19883.41826932073,37.90760845084796,3.7867804457469942,1,24.333628456105817
1304,32524.89381567743,75.85522629077916,2.297383230780223,0,27.827497049342327
1779,39239.58903121645,67.65720335223278,1.935587725888814,1,36.28728765663755
4077,11643.245786869316,47.434951412366956,1.8435449107231525,1,7.220394874745806
3401,7753.322058802534,78.31620453325381,4.428766628238355,0,5.576291098208396
1887,33489.05822052412,64.86679104912118,4.281707281036081,1,31.46713306863274
3261,1092.1142927206215,90.64367196914972,2.7622941120492293,1,1.768985869211365
3179,9740.256631059161,83.62240742248237,1.5296184539858184,1,5.29667696803921
2606,2424.4976368537327,32.75322454802805,2.5290090079098335,1,8.799947316838917
4723,9177.370774888675,34.42947198707802,3.4773738165476455,1,17.816104031995973
3268,9884.644716349756,21.282082821314706,2.8176126179198113,1,11.09209003437954
