date,sales,price,customer_segment
2023-01-01,152,95.45685612918778,1
2023-01-02,485,23.236613283613416,2
2023-01-03,398,93.3928862645345,4
2023-01-04,320,54.29046637715844,1
2023-01-05,156,33.24199494690625,3
2023-01-06,121,51.322218061443515,3
2023-01-07,238,98.20293177569293,4
2023-01-08,70,54.33562845935826,3
2023-01-09,152,39.587644925875736,4
2023-01-10,171,67.00607688850532,3
2023-01-11,264,31.613105690037376,2
2023-01-12,380,16.827699529779753,1
2023-01-13,137,21.59917497195843,2
2023-01-14,422,21.524125506199518,1
2023-01-15,149,23.67124241610649,1
2023-01-16,409,22.49444553844691,1
2023-01-17,201,67.67872703228932,2
2023-01-18,180,26.369207595923033,1
2023-01-19,199,41.11005549914769,2
2023-01-20,358,90.71095689154106,4
2023-01-21,307,52.65654762365851,3
2023-01-22,393,70.08019646689245,3
2023-01-23,463,25.508788408146685,1
2023-01-24,343,27.30601169278037,2
2023-01-25,435,13.678175463983099,3
2023-01-26,241,25.204155676494807,2
2023-01-27,493,35.073130512876276,2
2023-01-28,326,25.93094358490721,1
2023-01-29,210,17.983228038135003,3
2023-01-30,363,20.857228399054073,1
2023-01-31,71,51.47008912294532,1
2023-02-01,302,28.570034656521326,3
2023-02-02,285,42.78428749432679,3
2023-02-03,394,55.30755437693712,4
2023-02-04,98,72.13553457664287,4
2023-02-05,108,13.538092585698905,2
2023-02-06,219,81.94693590181384,3
2023-02-07,237,66.51103505418169,4
2023-02-08,320,17.35831287539847,2
2023-02-09,239,88.62207616960995,2
2023-02-10,495,92.87851604786319,2
2023-02-11,224,15.497016386937737,4
2023-02-12,495,34.918988333248336,3
2023-02-13,100,82.55811518137551,1
2023-02-14,413,77.34337213452925,2
2023-02-15,104,26.60689174207396,4
2023-02-16,293,28.841439100303926,4
2023-02-17,369,43.34248925122438,1
2023-02-18,180,53.60706866719192,1
2023-02-19,356,65.64292943772664,4
2023-02-20,184,43.202227561279514,3
2023-02-21,70,51.62812445198331,1
2023-02-22,378,77.2723844320381,4
2023-02-23,216,13.30148826015381,1
2023-02-24,323,32.719324990961866,3
2023-02-25,437,74.20146272960972,2
2023-02-26,138,90.56861539184794,1
2023-02-27,365,56.05096979040995,3
2023-02-28,63,57.89021367387841,4
2023-03-01,291,19.645481020579844,1
2023-03-02,314,50.26711301411092,1
2023-03-03,395,57.935553980952086,4
2023-03-04,102,31.82234532712567,2
2023-03-05,435,34.231890785444286,4
2023-03-06,389,43.95557467941604,1
2023-03-07,141,11.806407799995373,4
2023-03-08,416,38.987124902486045,3
2023-03-09,493,29.03032062968902,4
2023-03-10,477,39.47476169601232,1
2023-03-11,313,20.778591863732608,4
2023-03-12,480,90.14745526659054,2
2023-03-13,84,63.42332081986438,4
2023-03-14,255,71.11920872300406,2
2023-03-15,130,81.02541147466044,3
2023-03-16,469,54.85979790361515,2
2023-03-17,99,17.82282592786813,4
2023-03-18,409,58.3395887636693,1
2023-03-19,437,62.815700621879124,2
2023-03-20,51,77.0895526765897,3
2023-03-21,439,48.84935916067114,2
2023-03-22,103,21.48222725160074,2
2023-03-23,155,35.539831521885205,2
2023-03-24,309,42.67740667587716,3
2023-03-25,359,68.13255171984412,4
2023-03-26,240,61.37004742020207,2
2023-03-27,451,42.048705330806165,2
2023-03-28,267,98.78637239136818,1
2023-03-29,93,64.51973374211985,3
2023-03-30,211,31.350411256239504,2
2023-03-31,251,19.160422535836336,3
2023-04-01,495,23.75732252658988,2
2023-04-02,319,32.136195554605735,4
2023-04-03,400,24.46132359336001,4
2023-04-04,353,26.79103216461752,2
2023-04-05,320,35.65856518244624,4
2023-04-06,264,25.603623576527934,2
2023-04-07,301,90.70888821637827,4
2023-04-08,239,17.2210371095478,1
2023-04-09,345,57.20602506132292,1
2023-04-10,262,46.935714429069535,1
2023-04-11,257,98.41407552177458,3
2023-04-12,286,20.08350119512471,3
2023-04-13,387,45.80700391411675,1
2023-04-14,416,97.2523389947832,3
2023-04-15,102,87.89564133045822,4
2023-04-16,329,83.5364863854352,2
2023-04-17,459,33.211254434044584,2
2023-04-18,266,25.379882865105923,2
2023-04-19,301,70.17788979319879,1
2023-04-20,237,93.64383902148272,3
2023-04-21,429,60.10866037125368,4
2023-04-22,90,61.44514205229099,4
2023-04-23,206,35.19811842942558,1
2023-04-24,64,79.25436398727432,4
2023-04-25,350,26.833937370177104,4
2023-04-26,114,39.131131276381936,4
2023-04-27,394,48.28927947547751,4
2023-04-28,376,55.68493408160095,3
2023-04-29,58,31.816875917357223,4
2023-04-30,393,20.335314226528318,2
2023-05-01,178,64.95580381974693,1
2023-05-02,185,35.97674979162302,3
2023-05-03,112,62.31143992803511,4
2023-05-04,188,23.892644374678206,3
2023-05-05,130,53.30260916693357,4
2023-05-06,441,57.93304892964273,2
2023-05-07,212,14.664118314018422,1
2023-05-08,468,40.294385037452855,4
2023-05-09,338,22.09732092450768,4
2023-05-10,428,15.703747342549097,4
2023-05-11,310,99.09642091509507,4
2023-05-12,280,39.01184604772507,1
2023-05-13,90,82.88870012691714,1
2023-05-14,77,32.917658928738746,2
2023-05-15,184,71.33524500015363,1
2023-05-16,250,78.42050739007179,4
2023-05-17,377,63.60748665470599,2
2023-05-18,317,52.441856969514255,2
2023-05-19,467,47.06568227325417,2
2023-05-20,82,41.39814398886958,4
2023-05-21,97,93.65762298230433,3
2023-05-22,456,84.75574670089563,4
2023-05-23,111,96.85242195998613,1
2023-05-24,265,21.186750113699027,1
2023-05-25,342,75.77807276832799,4
2023-05-26,148,94.45064111389341,4
2023-05-27,221,26.310975954909413,2
2023-05-28,409,15.984664063009975,4
2023-05-29,263,76.70085843610532,2
2023-05-30,84,61.70258018619207,1
2023-05-31,498,85.76458990824449,2
2023-06-01,276,22.579513896366056,4
2023-06-02,150,81.57405806739011,1
2023-06-03,480,28.14645880429701,3
2023-06-04,180,24.729034857913405,2
2023-06-05,306,24.783921813789362,1
2023-06-06,54,83.3117248208244,2
2023-06-07,267,69.867749862658,1
2023-06-08,304,57.07588822922074,1
2023-06-09,447,42.29474357111523,2
2023-06-10,408,88.94804867317974,3
2023-06-11,332,45.32005966803718,1
2023-06-12,442,83.49394955244193,1
2023-06-13,256,49.52214177131966,1
2023-06-14,64,43.92499864824168,3
2023-06-15,395,51.64118071026458,3
2023-06-16,91,37.12400867477279,4
2023-06-17,429,77.2848442158626,2
2023-06-18,228,55.24483510832312,3
2023-06-19,112,30.89914256321356,2
2023-06-20,401,90.96171159471116,4
2023-06-21,280,44.55020992358903,2
2023-06-22,290,58.919757500258974,3
2023-06-23,101,91.58248998680922,2
2023-06-24,145,66.18141963225929,3
2023-06-25,437,20.520823663752765,2
2023-06-26,271,94.58489112521276,3
2023-06-27,456,66.4937247764276,3
2023-06-28,280,40.14150531913775,2
2023-06-29,286,22.53448653970485,4
2023-06-30,192,81.46226703432664,1
2023-07-01,220,65.80654803356622,4
2023-07-02,78,58.01149827786894,2
2023-07-03,85,90.45033247458619,4
2023-07-04,62,80.97374901020777,3
2023-07-05,209,23.650739175947606,1
2023-07-06,376,38.05498610159934,2
2023-07-07,236,32.36402258330192,2
2023-07-08,292,76.95516633154092,2
2023-07-09,135,13.017919126220145,1
2023-07-10,333,61.29007163841849,3
2023-07-11,115,78.62128171666215,2
2023-07-12,219,88.90890730855745,4
2023-07-13,94,40.78735738443167,2
2023-07-14,111,83.91315742048116,2
2023-07-15,490,19.95685632596865,2
2023-07-16,183,86.18070625610663,2
2023-07-17,333,21.47397960987842,3
2023-07-18,77,45.755856150433054,4
2023-07-19,157,81.75658292015983,3
2023-07-20,93,23.492568461389638,4
2023-07-21,389,30.632625570937734,2
2023-07-22,335,75.00273115537597,1
2023-07-23,495,74.80328828914669,3
2023-07-24,380,67.70328695967676,1
2023-07-25,177,72.455360002039,3
2023-07-26,397,58.84519990128366,2
2023-07-27,280,32.66191530162575,3
2023-07-28,239,41.112639415352746,2
2023-07-29,274,26.34379451212831,3
2023-07-30,434,91.76055052002656,2
2023-07-31,426,62.50526152895084,2
2023-08-01,332,46.07662750872759,4
2023-08-02,495,51.58052232797194,2
2023-08-03,170,95.25550056506339,4
2023-08-04,165,23.801626280447216,2
2023-08-05,282,62.76068488151175,1
2023-08-06,308,55.52998109960194,2
2023-08-07,408,65.0308811891183,1
2023-08-08,247,11.629916543875646,1
2023-08-09,460,88.49115180497364,2
2023-08-10,186,93.89064542352511,1
2023-08-11,367,60.861986523028804,4
2023-08-12,214,72.6985741489203,3
2023-08-13,274,93.02494430595661,2
2023-08-14,356,73.65147708820587,1
2023-08-15,283,23.72851386228352,2
2023-08-16,221,61.86595241501318,4
2023-08-17,201,64.60435417445703,2
2023-08-18,364,48.17176041721474,2
2023-08-19,423,76.27998120622506,1
2023-08-20,209,94.09303132921134,4
2023-08-21,145,93.30116616160987,3
2023-08-22,282,50.57554342637189,3
2023-08-23,229,20.19142412566797,1
2023-08-24,162,98.63570790661011,2
2023-08-25,367,85.50082778013407,1
2023-08-26,491,21.219641308294015,1
2023-08-27,101,92.87576943556351,1
2023-08-28,317,88.29067258559155,2
2023-08-29,344,56.69542514134649,4
2023-08-30,435,63.21478921704363,1
2023-08-31,436,45.910243348311724,2
2023-09-01,162,14.928547493982819,4
2023-09-02,150,40.16775174813108,1
2023-09-03,162,82.25681037382103,3
2023-09-04,489,10.416882070414257,4
2023-09-05,130,40.014925452202974,1
2023-09-06,236,45.8351824231849,4
2023-09-07,162,58.36560426441306,4
2023-09-08,51,92.78700547714844,4
2023-09-09,179,41.17113949293651,4
2023-09-10,269,41.22578817066049,4
2023-09-11,103,76.37511232987735,4
2023-09-12,392,50.69961468008265,1
2023-09-13,273,30.214434064598375,3
2023-09-14,274,50.7195564519424,2
2023-09-15,434,22.677131834181985,4
2023-09-16,452,25.874828785560098,2
2023-09-17,175,54.853099546553175,1
2023-09-18,179,47.70329045540931,4
2023-09-19,102,92.33613109612901,3
2023-09-20,221,42.61545092049698,2
2023-09-21,267,62.25295152502391,4
2023-09-22,209,66.90378591275774,1
2023-09-23,247,11.178501092950027,3
2023-09-24,465,69.71836348150396,2
2023-09-25,296,26.02323701827763,2
2023-09-26,373,96.49632857225096,4
2023-09-27,488,23.379645497780167,3
2023-09-28,252,47.316171135432135,3
2023-09-29,233,17.681470127077947,3
2023-09-30,172,99.71868266613527,3
2023-10-01,450,55.19755092981183,1
2023-10-02,304,63.58465155880394,3
2023-10-03,343,16.036882964958473,2
2023-10-04,329,77.496442335926,2
2023-10-05,374,28.891503378602717,1
2023-10-06,421,90.82488604966424,2
2023-10-07,147,28.462567643380645,2
2023-10-08,247,27.16189485972999,3
2023-10-09,444,13.28947010632854,2
2023-10-10,289,52.48602505989993,1
2023-10-11,193,60.83570199363548,3
2023-10-12,146,15.913777548551714,4
2023-10-13,250,79.79748550255096,3
2023-10-14,173,50.795995127322485,1
2023-10-15,236,57.195124239482205,3
2023-10-16,375,49.668647224440534,3
2023-10-17,398,46.06867547877934,1
2023-10-18,308,60.36762981773961,3
2023-10-19,197,23.971622133764125,1
2023-10-20,301,26.3735317445744,1
2023-10-21,492,87.56070589121656,4
2023-10-22,469,95.15039159202695,2
2023-10-23,452,43.597838465177766,2
2023-10-24,395,34.367020582919835,3
2023-10-25,196,67.95995889151142,3
2023-10-26,197,46.78607539882868,4
2023-10-27,401,12.284772009431038,4
2023-10-28,248,24.053733762957133,4
2023-10-29,357,74.43750059626578,1
2023-10-30,466,69.30315477191363,4
2023-10-31,473,12.438639325313513,4
2023-11-01,177,29.97749457396545,3
2023-11-02,88,30.796731692926425,4
2023-11-03,387,70.47034692388556,1
2023-11-04,409,11.773948397892774,1
2023-11-05,178,19.369772378611646,3
2023-11-06,316,81.99244768358705,4
2023-11-07,490,26.069019584890025,4
2023-11-08,483,68.74714970666872,1
2023-11-09,200,31.436450294205386,4
2023-11-10,464,18.949725348341065,4
2023-11-11,347,31.88549718995087,4
2023-11-12,148,75.00402386700932,2
2023-11-13,312,87.01268212956572,3
2023-11-14,301,84.71978781102925,2
2023-11-15,193,45.74651766566093,3
2023-11-16,395,70.12766229135815,1
2023-11-17,161,28.448586587423886,4
2023-11-18,109,36.383295723491194,3
2023-11-19,418,90.67022366690078,2
2023-11-20,51,11.170173115966243,4
2023-11-21,434,17.695767776902127,1
2023-11-22,353,28.70976296314246,3
2023-11-23,303,12.387898348643773,3
2023-11-24,189,26.329189158081757,3
2023-11-25,86,62.473740487272295,4
2023-11-26,209,47.92820955332481,2
2023-11-27,58,90.34045399692774,2
2023-11-28,282,83.56992055645968,3
2023-11-29,148,40.76356165280884,1
2023-11-30,196,33.34810900881632,1
2023-12-01,353,44.17231673505402,2
2023-12-02,257,63.1265448263327,1
2023-12-03,180,34.125727674058865,2
2023-12-04,453,66.17340170642206,3
2023-12-05,201,46.84704869721164,2
2023-12-06,103,59.68424627667822,2
2023-12-07,169,49.2513876221785,3
2023-12-08,210,36.50191835877259,1
2023-12-09,457,95.3607976265941,2
2023-12-10,165,78.72452147437848,2
2023-12-11,124,22.61018581898073,3
2023-12-12,162,88.16211783081215,1
2023-12-13,469,53.86880784245623,2
2023-12-14,471,90.50970042046822,3
2023-12-15,153,81.98697303525837,2
2023-12-16,389,48.26921540223101,4
2023-12-17,303,12.022237748810566,3
2023-12-18,276,34.180962344645145,1
2023-12-19,161,58.747079319478026,1
2023-12-20,148,67.01303978435325,1
2023-12-21,202,33.20989168898821,1
2023-12-22,398,22.54204666655417,2
2023-12-23,451,85.14372131193691,2
2023-12-24,433,98.5961962633197,1
2023-12-25,415,57.312116407241724,1
2023-12-26,387,25.451135726347317,1
2023-12-27,243,34.50765938674321,2
2023-12-28,359,11.655160889272006,1
2023-12-29,212,92.28689259044491,1
2023-12-30,257,20.597597460112702,4
2023-12-31,494,61.88648279628282,4
2024-01-01,218,34.66496986184854,1
2024-01-02,210,59.87602022642141,3
2024-01-03,117,68.62783495166778,1
2024-01-04,338,84.67676233364814,4
2024-01-05,447,28.577914458454288,3
2024-01-06,326,10.989624579263243,3
2024-01-07,353,22.319706706192655,1
2024-01-08,453,91.00167776632946,4
2024-01-09,433,88.65010698062638,4
2024-01-10,441,63.76717919532775,3
2024-01-11,184,64.0465174390288,1
2024-01-12,244,69.853300709163,2
2024-01-13,450,25.783415076110465,2
2024-01-14,177,92.29707513324638,4
2024-01-15,82,47.68934724028658,2
2024-01-16,225,44.48246754245477,4
2024-01-17,492,56.70259347545538,4
2024-01-18,420,14.226937009754954,4
2024-01-19,424,24.965503188047148,2
2024-01-20,71,76.42302547837333,4
2024-01-21,287,17.45188011326138,3
2024-01-22,207,64.28368985197494,1
2024-01-23,87,32.081419871318886,1
2024-01-24,279,45.036605263777886,4
2024-01-25,414,35.98243630936299,1
2024-01-26,100,42.01054448184542,2
2024-01-27,487,74.71413146658209,2
2024-01-28,313,36.74095440608575,1
2024-01-29,332,60.976417626720746,2
2024-01-30,76,52.84453619791897,1
2024-01-31,275,69.73040488263834,1
2024-02-01,326,94.31467653922822,1
2024-02-02,335,75.93148874892253,4
2024-02-03,146,29.34463407316811,1
2024-02-04,333,12.80648215551562,4
2024-02-05,416,33.60376398698426,1
2024-02-06,497,63.55701376302294,1
2024-02-07,366,14.628323213582531,1
2024-02-08,353,54.67296224811127,2
2024-02-09,196,63.71585640252003,4
2024-02-10,53,40.08195017352647,4
2024-02-11,84,79.38209833712398,1
2024-02-12,241,19.593842782039463,1
2024-02-13,98,16.762400356222788,2
2024-02-14,66,75.5369880583243,2
2024-02-15,221,54.59421845855786,2
2024-02-16,269,71.95621567849625,4
2024-02-17,207,49.13446047433716,4
2024-02-18,95,32.17618299151961,4
2024-02-19,422,83.71920859067798,1
2024-02-20,55,81.94742910720814,4
2024-02-21,148,72.52268237689842,3
2024-02-22,429,34.49306235069665,3
2024-02-23,282,63.12076001821784,2
2024-02-24,86,42.48765072460241,4
2024-02-25,329,18.242386599397072,3
2024-02-26,398,92.55822179160185,2
2024-02-27,351,22.313676782706526,4
2024-02-28,230,95.52136184387221,1
2024-02-29,144,50.140519566216014,3
2024-03-01,148,26.66196359547577,1
2024-03-02,237,58.77108526405223,4
2024-03-03,165,88.56512522887675,3
2024-03-04,240,75.9002397768605,4
2024-03-05,302,82.59050330753047,1
2024-03-06,465,69.29050300396456,3
2024-03-07,210,72.30489080660672,1
2024-03-08,305,86.42760864087873,4
2024-03-09,372,32.470120797326736,4
2024-03-10,177,54.04824672788264,1
2024-03-11,67,29.908849763764202,3
2024-03-12,330,98.89012071969823,1
2024-03-13,272,94.9653405717952,4
2024-03-14,103,13.54841302316553,1
2024-03-15,107,73.50176552641196,4
2024-03-16,372,93.27234856740992,1
2024-03-17,409,26.25178106146002,3
2024-03-18,223,61.11507074973665,3
2024-03-19,329,92.39394678292376,1
2024-03-20,163,13.055138072721896,1
2024-03-21,337,72.76782405221559,3
2024-03-22,480,36.761410663529574,4
2024-03-23,391,93.19565758388774,3
2024-03-24,200,97.39524206488309,4
2024-03-25,499,94.98398402020905,1
2024-03-26,176,52.67927949917174,1
2024-03-27,204,87.58383858903821,4
2024-03-28,435,86.00944586815633,1
2024-03-29,322,38.71904259189301,4
2024-03-30,153,84.60239267356096,2
2024-03-31,466,13.330687124394336,3
2024-04-01,442,63.66428906338477,2
2024-04-02,348,30.700795355893273,4
2024-04-03,295,20.851019719955094,3
2024-04-04,225,16.925788146628825,4
2024-04-05,88,72.66598982903258,3
2024-04-06,219,40.58874673912595,3
2024-04-07,296,75.22900943758853,3
2024-04-08,75,15.882070671904813,3
2024-04-09,404,38.37613040475493,4
2024-04-10,355,58.55421631378035,3
2024-04-11,458,81.16508483550672,3
2024-04-12,457,38.68772526388629,2
2024-04-13,62,66.33022387933082,1
2024-04-14,365,89.73799734125684,1
2024-04-15,440,65.42768693640741,2
2024-04-16,362,30.96635272782704,2
2024-04-17,85,12.196070340088422,4
2024-04-18,222,88.3088986510837,4
2024-04-19,69,11.914246976534843,4
2024-04-20,370,88.72315054157795,2
2024-04-21,313,57.60434206244908,2
2024-04-22,449,94.51609286616066,3
2024-04-23,191,81.89049121962988,4
2024-04-24,420,99.81406994800037,4
2024-04-25,192,41.564063390653914,4
2024-04-26,141,79.04694600380142,1
2024-04-27,403,46.1737822248318,3
2024-04-28,371,53.18880582735179,4
2024-04-29,337,66.47549168965331,4
2024-04-30,264,88.63094027677049,4
2024-05-01,496,98.56751222793656,1
2024-05-02,391,79.14460724780663,1
2024-05-03,100,47.59901039506004,2
2024-05-04,202,47.922130204936316,3
2024-05-05,235,76.38240714300024,2
2024-05-06,112,31.48994311914721,3
2024-05-07,239,19.94267018182552,1
2024-05-08,174,41.91599418766989,4
2024-05-09,199,35.85150924886736,2
2024-05-10,363,36.66773084103911,4
2024-05-11,107,31.024697594491894,2
2024-05-12,391,13.78838706727257,1
2024-05-13,354,11.608654126007243,1
2024-05-14,229,98.89501507624284,1
2024-05-15,219,48.49958203622761,2
2024-05-16,375,44.58939824437135,3
2024-05-17,320,71.16825544237628,2
2024-05-18,103,29.642849907855776,3
2024-05-19,493,95.49650655552028,2
2024-05-20,150,80.77105129739968,2
2024-05-21,313,18.046990208103356,1
2024-05-22,102,47.58226982064355,4
2024-05-23,109,89.12064768059483,4
2024-05-24,157,95.02588200622692,3
2024-05-25,54,52.06613601248827,4
2024-05-26,152,65.2070250289637,2
2024-05-27,245,25.03305514828677,2
2024-05-28,311,99.20517635232788,1
2024-05-29,414,30.850453124509905,1
2024-05-30,421,94.84585967216131,4
2024-05-31,399,68.46819840931316,3
2024-06-01,96,64.69631153909732,4
2024-06-02,404,56.141965991485776,4
2024-06-03,360,30.760283054598283,4
2024-06-04,473,25.887522880495744,4
2024-06-05,357,29.84375881631578,2
2024-06-06,193,26.779443592982908,3
2024-06-07,318,80.16260262100779,2
2024-06-08,419,41.51127332500571,3
2024-06-09,173,15.205840890705673,1
2024-06-10,155,97.21923671267302,4
2024-06-11,207,89.54072964670831,2
2024-06-12,196,93.49770548756916,3
2024-06-13,194,99.54170403817918,1
2024-06-14,169,25.650572429753858,1
2024-06-15,368,45.661781701239285,4
2024-06-16,324,78.24146281336822,3
2024-06-17,141,72.6418556248413,2
2024-06-18,107,23.850631570586955,4
2024-06-19,488,83.42498124915559,2
2024-06-20,395,30.19965146529946,1
2024-06-21,278,30.14358533403608,2
2024-06-22,166,58.32769806040722,2
2024-06-23,367,63.364594135753286,4
2024-06-24,328,62.20775870540301,2
2024-06-25,176,18.233815365797938,4
2024-06-26,442,88.97147763673424,1
2024-06-27,445,33.90400383298355,4
2024-06-28,178,21.656342915452377,4
2024-06-29,107,89.98732718820794,3
2024-06-30,171,96.0086348406778,2
2024-07-01,50,87.59148555389055,1
2024-07-02,288,82.85644672523902,4
2024-07-03,339,68.97177825751196,1
2024-07-04,145,59.57716335482254,3
2024-07-05,175,17.828808392026914,2
2024-07-06,167,46.760789176362884,4
2024-07-07,97,43.54196653110826,2
2024-07-08,138,33.37784053842935,3
2024-07-09,286,75.10781023197265,3
2024-07-10,422,54.628816157089375,1
2024-07-11,434,17.294159431688314,4
2024-07-12,321,29.81648817548302,1
2024-07-13,238,71.49328872936363,3
2024-07-14,241,16.851777354127016,2
2024-07-15,496,86.60862226438918,1
2024-07-16,118,54.56318743125769,1
2024-07-17,327,53.25279195939832,2
2024-07-18,398,63.31670061935658,1
2024-07-19,296,84.22128693326343,2
2024-07-20,125,41.30282871119738,4
2024-07-21,203,71.02145373031573,2
2024-07-22,193,60.9158767596212,4
2024-07-23,484,34.03254431524792,2
2024-07-24,135,89.07669877196422,3
2024-07-25,234,81.76834194462353,3
2024-07-26,334,69.26066511925829,4
2024-07-27,269,86.55235561848177,4
2024-07-28,118,88.05647808638221,3
2024-07-29,96,73.75266790435313,4
2024-07-30,143,85.33119955273048,2
2024-07-31,287,72.77243155023552,2
2024-08-01,495,71.21266945842703,3
2024-08-02,253,65.67502403936659,1
2024-08-03,449,77.74449756018771,2
2024-08-04,267,24.274459476376634,4
2024-08-05,481,89.27836832790356,1
2024-08-06,390,88.46591749707088,1
2024-08-07,88,12.632255473110323,2
2024-08-08,149,84.32350755082864,2
2024-08-09,338,21.598288072610067,1
2024-08-10,303,40.16069688332277,1
2024-08-11,271,76.9157430662447,3
2024-08-12,406,24.46839064434774,4
2024-08-13,72,83.6170321707156,3
2024-08-14,299,84.89207601619677,2
2024-08-15,59,55.67209603847526,3
2024-08-16,295,10.574728454515022,3
2024-08-17,374,35.83343198574215,3
2024-08-18,149,65.5234226538168,3
2024-08-19,339,98.30675602246811,4
2024-08-20,229,66.86321743150015,4
2024-08-21,272,33.38232229577439,1
2024-08-22,443,67.06051327896502,2
2024-08-23,299,58.59868417442699,3
2024-08-24,196,80.18608556360293,1
2024-08-25,491,19.628257494426258,1
2024-08-26,145,78.49251122518253,1
2024-08-27,306,58.71399208084993,4
2024-08-28,374,96.66928034730952,3
2024-08-29,53,40.76849494348175,3
2024-08-30,65,66.93597038205533,2
2024-08-31,329,93.88252949590157,3
2024-09-01,385,19.225875519161132,3
2024-09-02,296,94.3505638512806,1
2024-09-03,307,71.9097150070732,2
2024-09-04,433,16.10533531946547,3
2024-09-05,209,37.086721025213464,4
2024-09-06,389,73.73548797807534,3
2024-09-07,201,16.061554132189453,1
2024-09-08,445,62.39534141586459,4
2024-09-09,227,41.129475125766106,1
2024-09-10,212,65.88239659907293,3
2024-09-11,429,14.116783043126157,4
2024-09-12,82,88.43831255371387,2
2024-09-13,466,97.61400722596572,2
2024-09-14,494,97.19900697571224,4
2024-09-15,228,77.46866485686323,4
2024-09-16,476,21.70776161175688,1
2024-09-17,150,78.24368763361203,4
2024-09-18,317,12.212822481292136,1
2024-09-19,372,11.991119637609753,3
2024-09-20,114,39.12491972345872,1
2024-09-21,466,53.977887136419916,4
2024-09-22,217,79.33666760270138,4
2024-09-23,379,71.49658389458547,3
2024-09-24,92,50.13124357390735,4
2024-09-25,93,34.62639996534993,4
2024-09-26,334,99.74120501419401,2
2024-09-27,446,48.356317201237566,2
2024-09-28,61,50.62483218967079,3
2024-09-29,144,24.726143907250226,1
2024-09-30,351,81.53285938749364,2
2024-10-01,435,72.43140032033398,1
2024-10-02,302,29.869265150988436,4
2024-10-03,291,17.414294105425842,2
2024-10-04,84,71.24493718672417,3
2024-10-05,264,68.90600928530216,3
2024-10-06,386,34.59335742983884,3
2024-10-07,139,95.57772060253693,2
2024-10-08,313,23.59521026028102,1
2024-10-09,142,48.91013209383417,4
2024-10-10,459,94.9254328150839,1
2024-10-11,139,47.775458523351006,1
2024-10-12,467,67.4673352897677,4
2024-10-13,164,45.78349581665149,4
2024-10-14,154,34.67936821138031,2
2024-10-15,440,98.55798831638454,2
2024-10-16,245,46.84006056835387,2
2024-10-17,363,90.4689283311221,2
2024-10-18,163,30.695914530197758,2
2024-10-19,124,29.1794233622575,4
2024-10-20,462,12.802067459606022,1
2024-10-21,425,68.65001428382965,2
2024-10-22,469,43.1673709351385,2
2024-10-23,266,87.79224248556733,1
2024-10-24,326,52.588891602240146,2
2024-10-25,298,97.13740851232495,1
2024-10-26,213,26.697296413280903,1
2024-10-27,443,88.17608511600497,4
2024-10-28,406,79.89371675125676,3
2024-10-29,457,79.38296601796468,4
2024-10-30,241,86.03049053051988,3
2024-10-31,276,78.4921591848699,3
2024-11-01,226,66.35982894682738,3
2024-11-02,148,21.81203899141488,2
2024-11-03,85,12.927356154212672,4
2024-11-04,145,92.87630630341182,3
2024-11-05,201,65.49852830686643,1
2024-11-06,200,81.68835618785587,2
2024-11-07,239,53.3370116361295,4
2024-11-08,273,20.557737006615504,3
2024-11-09,86,21.26672129822954,1
2024-11-10,317,71.70087585060742,4
2024-11-11,418,48.72753054095164,4
2024-11-12,232,28.047225403030303,2
2024-11-13,62,54.24350920672932,4
2024-11-14,328,15.778804336762068,2
2024-11-15,266,62.37742617229589,3
2024-11-16,404,34.209406399158794,2
2024-11-17,410,81.78031905734693,1
2024-11-18,335,37.932576303121635,2
2024-11-19,322,50.969813417362104,1
2024-11-20,418,11.045848591729058,2
2024-11-21,111,16.5202199015103,4
2024-11-22,133,45.32442007660163,3
2024-11-23,417,53.19449512454111,1
2024-11-24,266,64.00184933073734,2
2024-11-25,391,36.24963208383729,2
2024-11-26,446,72.54836975138883,2
2024-11-27,236,87.41101574702842,4
2024-11-28,68,80.18658900040148,4
2024-11-29,226,13.565694281352144,1
2024-11-30,149,53.24562525320461,1
2024-12-01,445,19.44371605763574,4
2024-12-02,494,31.78405142762747,1
2024-12-03,282,98.79963339404318,3
2024-12-04,452,22.824598861136188,3
2024-12-05,125,54.899933810622045,4
2024-12-06,314,65.63401608863072,1
2024-12-07,333,73.22184734896936,2
2024-12-08,255,60.36838151382227,3
2024-12-09,272,10.87937626772653,4
2024-12-10,433,39.38151774195927,1
2024-12-11,101,56.59404790462403,4
2024-12-12,388,17.907984923035002,2
2024-12-13,416,41.55642380882627,3
2024-12-14,193,12.98827979122299,4
2024-12-15,422,17.072064743951866,4
2024-12-16,118,45.72309485814365,4
2024-12-17,148,21.94441786387543,2
2024-12-18,445,61.07867634354023,4
2024-12-19,74,72.05184722235391,2
2024-12-20,485,82.05280291981745,2
2024-12-21,428,28.01352198203291,2
2024-12-22,102,25.07343240331628,3
2024-12-23,200,19.411105630096024,3
2024-12-24,193,67.2787224589273,4
2024-12-25,106,73.5828153838211,4
2024-12-26,88,12.842753034307783,3
2024-12-27,158,94.25910216193208,1
2024-12-28,230,14.677415528632517,3
2024-12-29,91,58.71667017709634,2
2024-12-30,235,73.81544675058248,3
2024-12-31,472,88.3872211371477,2
2025-01-01,447,74.2678238919185,4
2025-01-02,272,82.15552747628126,1
2025-01-03,171,40.55051732885255,4
2025-01-04,182,83.3342602371861,2
2025-01-05,212,17.210336174620764,2
2025-01-06,264,90.53349904544748,2
2025-01-07,270,59.28331385383626,1
2025-01-08,284,83.55679929662443,3
2025-01-09,380,50.70864560664701,4
2025-01-10,195,67.92199256768725,4
2025-01-11,288,57.37623948425019,3
2025-01-12,125,75.84305695797987,4
2025-01-13,58,17.34669838275306,1
2025-01-14,123,15.431687559150742,4
2025-01-15,491,32.23929106091318,2
2025-01-16,450,24.359021210186953,3
2025-01-17,302,88.46052099329815,1
2025-01-18,279,29.72925886222399,3
2025-01-19,56,97.82787302372182,1
2025-01-20,223,40.320621259399616,2
2025-01-21,190,26.390612411982936,3
2025-01-22,217,81.07286564282312,4
2025-01-23,219,69.28369979507886,1
2025-01-24,442,54.837614480782506,3
2025-01-25,483,59.982719584386814,4
2025-01-26,332,74.72816004450374,3
2025-01-27,171,30.560926719816884,3
2025-01-28,243,99.67005244510678,3
2025-01-29,54,97.73138459321048,1
2025-01-30,78,68.52931177122431,4
2025-01-31,214,27.958820583623062,2
2025-02-01,471,71.22054181881622,1
2025-02-02,388,16.497856808125825,1
2025-02-03,185,12.758725198522546,1
2025-02-04,414,33.19145996600923,2
2025-02-05,370,51.636066106538465,4
2025-02-06,391,88.14452548675425,4
2025-02-07,194,75.44521627896772,4
2025-02-08,376,76.84358690799829,3
2025-02-09,266,48.29440010032678,3
2025-02-10,350,41.13414932922666,3
2025-02-11,181,43.393488668614246,2
2025-02-12,341,98.88846073624521,3
2025-02-13,119,13.609827227123423,2
2025-02-14,301,88.03283465102037,4
2025-02-15,464,62.080786771515406,3
2025-02-16,324,49.47538772706314,3
2025-02-17,494,75.27318943736229,1
2025-02-18,413,53.80020472822326,2
2025-02-19,231,88.60809142734945,4
2025-02-20,216,91.06316776101326,1
2025-02-21,140,47.95488341861099,1
2025-02-22,251,34.914501751154646,4
2025-02-23,395,63.3115295734026,1
2025-02-24,68,92.11270110550218,2
2025-02-25,88,28.95959701050999,2
2025-02-26,175,66.06699252071346,3
2025-02-27,222,66.84041980832686,1
2025-02-28,190,75.98017201737528,3
2025-03-01,291,21.841091661453383,1
2025-03-02,269,74.42424682138797,2
2025-03-03,175,91.81292685990769,2
2025-03-04,107,26.171479798321776,2
2025-03-05,197,31.378899243148986,1
2025-03-06,366,97.42555846374756,2
2025-03-07,432,26.28792574385408,1
2025-03-08,410,86.89465840326213,3
2025-03-09,472,54.30500708032313,1
2025-03-10,50,32.25079669628593,3
2025-03-11,436,88.36749111452603,1
2025-03-12,397,50.077472950239894,3
2025-03-13,239,56.333561853672116,2
2025-03-14,240,42.33100324597891,3
2025-03-15,418,63.36557662914347,2
2025-03-16,458,24.717148532652047,2
2025-03-17,361,45.197338298658465,3
2025-03-18,466,97.24710901017588,1
2025-03-19,471,33.23200894310148,1
2025-03-20,166,69.1062998087163,4
2025-03-21,183,39.267105780222536,1
2025-03-22,107,79.61258131179406,4
2025-03-23,93,21.778629464651484,1
2025-03-24,222,97.28389405706902,1
2025-03-25,209,50.841058724527535,2
2025-03-26,222,31.244541701181756,4
2025-03-27,366,16.614707259701138,1
2025-03-28,352,25.27821145787867,4
2025-03-29,198,56.77965537004159,2
2025-03-30,129,40.33028587881577,2
2025-03-31,423,84.59950292943485,4
2025-04-01,262,48.779877129562536,2
2025-04-02,252,32.384284532886696,3
2025-04-03,301,65.5430487943627,3
2025-04-04,278,73.60994951969013,2
2025-04-05,213,25.033771711085485,3
2025-04-06,276,25.08572946594859,1
2025-04-07,196,13.300428424018868,4
2025-04-08,69,76.27618135590765,1
2025-04-09,490,69.74240748596246,4
2025-04-10,451,52.71677881748325,2
2025-04-11,96,85.97534040722775,1
2025-04-12,282,82.51031376550479,2
2025-04-13,354,62.6818927957077,2
2025-04-14,63,88.14441524619328,4
2025-04-15,192,28.52570890330914,4
2025-04-16,464,20.072765745795508,4
2025-04-17,50,34.277465036529065,1
2025-04-18,422,15.137817048038336,3
2025-04-19,103,57.80525752009288,4
2025-04-20,423,94.29451230654654,4
2025-04-21,308,13.540918660165868,1
2025-04-22,193,20.989892260902412,4
2025-04-23,490,50.697912545509176,1
2025-04-24,61,94.04875157751144,2
2025-04-25,379,38.45404944790755,4
2025-04-26,273,55.65113278195532,4
2025-04-27,321,13.741557314535289,2
2025-04-28,407,23.350888086587997,2
2025-04-29,457,98.79671106629623,2
2025-04-30,205,96.86068267924409,4
2025-05-01,422,10.444598284096866,3
2025-05-02,57,95.6630606880915,3
2025-05-03,171,67.52079440339503,3
2025-05-04,397,88.112646506802,4
2025-05-05,213,50.92658700704732,2
2025-05-06,139,56.40364257213252,4
2025-05-07,185,53.99619222312282,2
2025-05-08,235,70.01778317914939,4
2025-05-09,365,22.568612928068163,4
2025-05-10,227,12.697623088541015,2
2025-05-11,77,37.713694743207185,3
2025-05-12,269,73.4212686462982,2
2025-05-13,406,28.166810691065354,1
2025-05-14,90,70.60891899924256,1
2025-05-15,277,97.29208414965434,2
2025-05-16,241,18.451064421047654,4
2025-05-17,460,70.53419064026136,1
2025-05-18,496,49.93751973741141,1
2025-05-19,194,88.13280289397548,4
2025-05-20,250,25.94348105026473,4
2025-05-21,466,72.33633570035481,3
2025-05-22,261,85.43037606832992,4
2025-05-23,269,95.0152797526621,2
2025-05-24,289,71.49232254606812,2
2025-05-25,462,54.74572876075846,3
2025-05-26,446,65.60625161810924,1
2025-05-27,95,88.20144860308464,1
2025-05-28,84,61.35487719749467,4
2025-05-29,302,12.734835372715317,2
2025-05-30,439,93.78538259562801,1
2025-05-31,131,72.0574075928405,3
2025-06-01,420,70.88620471995219,3
2025-06-02,305,29.410763715794545,2
2025-06-03,246,69.29969232093916,3
2025-06-04,352,45.44779650887426,3
2025-06-05,458,68.61096793373429,2
2025-06-06,499,19.593372727719164,4
2025-06-07,59,69.20607741427324,4
2025-06-08,361,99.94723531935999,3
2025-06-09,335,14.339083497450043,4
2025-06-10,291,97.94567657991855,4
2025-06-11,300,46.621716465058356,3
2025-06-12,414,88.36781053035332,4
2025-06-13,54,80.4146935652446,3
2025-06-14,168,61.0314634888001,1
2025-06-15,338,76.46042883261939,2
2025-06-16,423,89.06640051712131,2
2025-06-17,114,46.37262894859297,4
2025-06-18,195,39.43298454069148,4
2025-06-19,273,70.08340470072262,4
2025-06-20,288,82.70613477471328,2
2025-06-21,226,78.60566212989542,1
2025-06-22,316,81.80322839727711,1
2025-06-23,390,49.20249833316397,2
2025-06-24,331,83.60507945575195,1
2025-06-25,112,20.81881498335476,2
2025-06-26,266,59.00401881647646,1
2025-06-27,391,10.518279444830942,3
2025-06-28,364,39.21272469102433,3
2025-06-29,332,42.98153813842581,2
2025-06-30,226,45.655542244832986,1
2025-07-01,466,72.5920486020876,4
2025-07-02,147,44.97022911433112,1
2025-07-03,154,50.38242603602776,3
2025-07-04,148,31.378971778689472,3
2025-07-05,434,43.59266124664061,1
2025-07-06,454,30.454266453683633,1
2025-07-07,360,16.587633139159927,4
2025-07-08,55,64.31037340432401,4
2025-07-09,246,70.13915186995146,1
2025-07-10,400,65.7541311408653,1
2025-07-11,182,51.71446394205151,1
2025-07-12,407,44.18072021613068,1
2025-07-13,308,87.70002846146427,2
2025-07-14,486,56.71736066225962,1
2025-07-15,72,53.126368986675786,4
2025-07-16,102,12.307785922579212,3
2025-07-17,214,40.71230448635407,2
2025-07-18,251,44.21760569072713,1
2025-07-19,132,45.894050280721046,3
2025-07-20,194,62.215513230459905,2
2025-07-21,134,58.02422920541906,3
2025-07-22,127,64.71145835141002,1
2025-07-23,415,78.83949353879154,1
2025-07-24,50,83.16871648444841,4
2025-07-25,100,74.6310768603845,1
2025-07-26,222,95.99713263594413,1
2025-07-27,254,11.640932440872547,2
2025-07-28,309,27.620018711519148,4
2025-07-29,495,10.68065874803279,2
2025-07-30,498,68.27272427391426,3
2025-07-31,418,90.82274940549883,1
2025-08-01,337,31.913406691866935,3
2025-08-02,83,93.4331090316676,2
2025-08-03,397,15.424065126060476,1
2025-08-04,144,94.09924241249628,1
2025-08-05,121,41.6460418515671,2
2025-08-06,88,19.127874560429486,2
2025-08-07,203,53.72845832676931,2
2025-08-08,299,33.109891094845715,2
2025-08-09,211,35.638561176573056,2
2025-08-10,487,37.65609684336579,1
2025-08-11,167,82.27233080493971,2
2025-08-12,308,58.52451490077291,1
2025-08-13,428,38.01769292404033,1
2025-08-14,355,64.93004049798265,2
2025-08-15,317,74.45356068008742,2
2025-08-16,498,34.53616006601804,4
2025-08-17,103,47.21941913728163,1
2025-08-18,285,20.96974840032528,2
2025-08-19,438,26.303441458121227,2
2025-08-20,271,71.30060685684845,2
2025-08-21,300,26.329451292606425,4
2025-08-22,362,57.26470453003542,4
2025-08-23,450,73.81416355501895,3
2025-08-24,161,19.618923078526947,1
2025-08-25,304,61.058099766601316,3
2025-08-26,352,33.09065053312274,2
2025-08-27,456,96.66341877138218,4
2025-08-28,256,53.51910820479323,4
2025-08-29,278,82.53932947976423,3
2025-08-30,390,59.52038879406356,4
2025-08-31,447,13.907127956933724,2
2025-09-01,115,66.98362380346201,4
2025-09-02,124,95.62630079859913,3
2025-09-03,484,64.1450638131698,2
2025-09-04,152,83.72699734841112,3
2025-09-05,471,89.5785817013567,4
2025-09-06,241,30.527179475403923,3
2025-09-07,301,29.0840355917404,3
2025-09-08,275,64.98828899658926,1
2025-09-09,343,46.99256228260342,4
2025-09-10,355,85.58751725800484,4
2025-09-11,147,91.002081105821,3
2025-09-12,387,41.807924137244626,1
2025-09-13,335,31.318350307703387,4
2025-09-14,384,80.24729637194757,2
2025-09-15,396,34.73254319933225,3
2025-09-16,484,84.03528866623105,4
2025-09-17,496,48.13644282838865,2
2025-09-18,357,70.07949093623233,4
2025-09-19,298,18.59817824512014,2
2025-09-20,215,66.14733922089158,3
2025-09-21,384,50.65909108635062,4
2025-09-22,79,62.79476168579267,4
2025-09-23,296,25.12127869703771,1
2025-09-24,155,76.31863704497638,3
2025-09-25,100,87.65173697889057,2
2025-09-26,130,29.506582008169808,4
