Previous_Year_Price,Competitor_Price,Previous_Year_Sales,Price
87.45401188473625,65.36462217224816,419,74.55636441312996
145.07143064099162,104.6091042116194,362,135.35929788694256
123.1993941811405,141.0240419464049,419,130.7466192601426
109.86584841970367,125.54473750505173,469,119.53092002229275
65.60186404424365,133.72172626475947,831,104.51650181138587
65.59945203362027,117.46617033817891,599,99.54407731393414
55.80836121681995,121.15042209696377,381,84.76936097860366
136.6176145774935,138.41152167218513,817,135.4247506056461
110.11150117432088,72.46348097451045,928,97.66045045088325
120.80725777960456,98.83674600074545,404,113.87231341043847
52.05844942958024,69.33303860015624,781,66.07162369321053
146.99098521619942,153.64348087963117,755,143.47371033011694
133.24426408004217,148.84652736552746,427,148.7853944924049
71.23391106782762,49.336949250535646,895,56.4783924427576
68.18249672071006,122.61326897672573,818,96.35934773942738
68.34045098534338,146.77731491572325,795,106.81776856257447
80.42422429595376,64.86328796400669,449,68.25134194723988
102.4756431632238,107.47397536078924,640,97.9121304449015
93.19450186421157,145.7037127346846,732,110.7298667162836
79.1229140198042,48.734057644437875,395,64.52357786239091
111.18528947223794,121.71622939715239,889,108.82416398352788
63.94938606520418,77.70839081098057,718,65.15981046265796
79.21446485352182,146.68358149141835,269,111.85884378147898
86.63618432936917,151.81640696819045,838,106.0322531474803
95.6069984217036,148.86931380247773,598,126.13305467231066
128.51759613930136,97.16356383232102,871,100.79113915027715
69.96737821583598,139.82469160882448,959,104.50917295566637
101.42344384136116,137.90043383885774,402,119.73703497308091
109.24145688620425,80.10105205675812,347,97.36156307239023
54.64504127199977,136.1807021565745,671,95.20446770233768
110.75448519014384,49.07083981870419,854,90.00220232359021
67.05241236872915,110.58968663302583,398,89.90263390871999
56.50515929852795,70.30097210164733,625,68.67112769630594
144.88855372533334,58.26235743550067,865,97.95814153606555
146.56320330745592,53.46485217921301,691,100.6178117742818
130.8397348116461,121.59176534659537,341,133.95360055426536
80.46137691733708,82.38624601448728,512,80.23533584246398
59.76721140063839,124.72434486816375,364,93.20695195537722
118.42330265121569,52.18919748788366,513,90.21051731523706
94.01524937396013,79.68193716136713,220,83.13744566670546
62.20382348447788,104.34404216128709,281,72.46613115628652
99.51769101112703,131.97954813228597,780,117.02648784026835
53.43885211152184,80.0627753225277,330,71.69415956381478
140.9320402078782,113.848051408071,798,120.63281698351474
75.8779981600017,142.45755230598058,929,112.51887471937783
116.2522284353982,112.74495070005351,504,117.88342150442354
81.1711076089411,70.62554222289971,570,64.53084362034387
102.00680211778108,47.68408597121918,583,70.16400088246627
104.67102793432797,140.7108761291023,644,120.71180812805683
68.4854455525527,47.339635193542584,624,57.01442037187146
146.95846277645586,141.21718399526193,360,140.37215206201896
127.51328233611146,103.18308474299332,377,111.36316952164148
143.9498941564189,148.29744683641857,828,154.4810849523292
139.4827350427649,132.8661559351032,907,135.6366498296395
109.78999788110852,154.77275215866712,689,128.80615671913912
142.18742350231167,83.57829969968812,526,112.67701421643714
58.84925020519195,129.39071178242398,797,96.80543515911367
69.59828624191452,89.21240049701663,488,79.66347525302163
54.52272889105381,97.78631823342997,792,75.12588560810202
82.53303307632643,114.0256009540207,863,95.0292336718213
88.8677289689482,141.10448256049727,772,111.67545153738475
77.13490317738959,153.24918161192247,772,112.20300046222923
132.87375091519294,129.51007552509702,553,132.88598622419866
85.67533266935894,90.95434603840671,227,83.34393889187389
78.09345096873807,91.34927025047773,242,86.68770672695901
104.26960831582485,126.13405317477806,880,122.26680452343561
64.09242249747626,71.26548603451326,622,69.30749105506077
130.21969807540398,57.152152444453414,797,91.83799761534301
57.45506436797708,84.00843734048541,376,64.2411164289581
148.68869366005174,76.596289081949,728,120.53302541055794
127.22447692966574,77.59389325015891,809,96.55909683691776
69.87156815341724,70.69685261549009,693,74.52702055683241
50.55221171236024,49.630250859999805,397,53.28382058915245
131.54614284548342,46.96613282067552,809,88.07229481825917
120.68573438476172,153.64946287096348,776,135.8527046089592
122.90071680409874,92.05504471094486,716,98.2993243873167
127.12703466859458,87.27593118756499,713,108.85180793214289
57.40446517340904,119.76120109623768,221,91.68246479680238
85.84657285442725,69.00792766515706,311,71.98184967905313
61.58690595251297,149.49573023452479,256,104.76221072187337
136.31034258755935,131.49795158571072,265,134.09345666167977
112.3298126827558,54.835210254348546,297,86.50537460830002
83.08980248526493,90.93388533634212,343,87.03085929141946
56.355835028602364,141.70301383183812,634,90.89782766041233
81.09823217156622,148.92052245205514,836,112.35968846449823
82.51833220267471,96.41416623748567,878,90.58937814702529
122.96061783380641,112.47525281317785,285,121.92557703369093
113.75574713552132,63.37373407012828,787,85.47655755585356
138.72127425763267,154.02854887506743,543,157.31316093910016
97.22149251619493,70.48388715217877,493,74.38032449000202
61.95942459383017,148.7004951548638,770,102.51145899905748
121.3244787222995,116.46113138916053,849,118.47763703826614
126.07850486168974,111.8510474366745,810,117.96103033141779
106.12771975694963,101.39573621181594,903,97.60101633530863
127.0967179954561,70.37367928895345,442,100.97450738096374
99.37955963643907,64.4180835206059,760,83.75429183509209
102.2732829381994,69.25348299771929,231,86.00319019786708
92.75410183585495,65.508208835868,590,80.79037465215406
52.54191267440952,130.75429209234287,476,89.52922032613604
60.78914269933044,83.51377850834031,731,64.06464585329253
53.14291856867342,51.3626944219736,353,48.66960714506229
113.64104112637804,151.60128931548923,582,133.40643812798083
81.43559810763267,142.21644734597683,267,112.63974480103673
100.85706911647029,147.05275115147344,413,124.1618053969011
140.7566473926093,154.43986049110788,854,150.34179528178373
74.92922291488749,64.1284774141436,575,66.62311993726546
91.03829230356297,88.58662207929245,943,89.9458624769804
125.55511385430486,128.40623232745003,412,129.84113698290204
72.87981654916224,121.56226798591715,278,96.79659317502794
57.6979909828793,61.92854969738406,925,53.596650698101186
78.9751452913768,134.74164374896796,827,102.05095267189469
66.12212872540044,69.68846290203267,803,72.05955743511338
142.9697652342573,69.61993763048854,981,113.25721224708579
130.8120379564417,104.06718651827549,580,123.31602777647885
113.34037565104234,110.22339283258735,879,112.94266399052502
137.14605901877178,108.80948286215923,257,116.96210793038205
130.36720768991145,55.06355211375303,995,92.6836221179679
68.65700588860358,141.52069488934183,225,112.90012604872481
139.25589984899779,74.21600468475766,646,109.82839416916009
103.93422419156508,59.24664134110846,265,80.55304515291739
130.74401551640625,142.7622887855875,959,139.89627831520295
139.60912999234932,150.12166480527287,453,138.51842136573308
81.80034749718638,139.8340378991996,243,107.33883580895197
61.00519245276767,134.04676821973658,296,92.10502338114051
72.79351625419417,117.0766178702924,753,97.28292615398546
92.71077886262563,105.59431076700533,426,102.72306231341595
131.80147659224932,54.56854359025512,973,92.4158799552604
136.07305832563435,89.92985343777686,878,108.63680749800777
50.69521305311907,85.99573687135454,635,68.24672949456367
101.07473025775657,73.57291621363588,990,84.89092378232719
91.7411003148779,124.57621250574434,800,104.1778028868424
72.21078104707303,99.54633085866479,578,87.57352437941513
61.98653673336828,53.91508374984127,377,54.16084912901141
83.7615171403628,69.22015221447924,626,68.65908601260055
144.2909703912519,120.15846400255555,908,125.5041448450878
82.32029320207553,53.37439454393302,506,59.83104153892453
101.87906217433661,138.63276054536456,978,121.4934709427316
120.30189588951778,99.46611797153717,703,110.6360341214083
86.3629602379294,97.86452350593129,467,92.61634234447115
147.17820827209607,110.16485631254693,785,131.6101905547212
146.24472949421113,135.71490625176642,207,146.93961215357436
75.17822958253642,83.25901286924123,707,76.25728857176325
99.72485058923854,119.58177678149698,675,111.68570107155985
80.08783098167697,107.23051603953701,496,85.76109597357761
78.48404943774676,74.37310971863634,363,83.3221283095083
53.68869473545328,141.64929849906738,684,91.44484042616955
110.95643339798968,132.7168623767621,796,118.2862422921737
100.26790232288616,117.4297018124268,271,105.86025449899101
55.14787512499893,138.56399020036662,766,89.22457767907171
77.86464642366114,140.40236210557828,758,109.29638215166253
140.82658859666537,122.91992743865383,437,132.942777358667
73.95618906669725,137.07146612000392,303,104.56675923844284
64.4894872091223,121.7218607836212,409,85.40443583621636
98.94527602775631,119.81548489363304,753,119.29731163495325
148.56504541106005,113.04725160367028,667,133.5523024898734
74.20552715115004,127.79883035134054,653,114.17328896949508
117.21355474058785,62.446561582238104,467,85.80451196198152
126.16196153287176,141.89578351188214,585,138.81828366326184
73.76375439923997,140.9027880519755,974,111.22964066257856
122.82163486118596,48.21720113380151,586,84.06654248200692
86.77831327192533,135.8398425621239,458,118.36433242232073
113.23058305935794,59.17568542207897,482,84.17608420264956
113.35297107608946,81.8630739685056,825,95.8035654251745
103.57746840747585,126.78590819207686,239,97.82453884008444
59.02897700544083,62.6835885653139,685,62.90142305409054
133.5302495589238,134.97637265309686,419,127.6257615475983
82.07800649717359,136.53475957535161,328,106.55277705778505
68.65185103998542,100.82145071369197,719,79.60555268311356
54.07751415547639,45.70244588885169,812,48.058822325572734
109.08929431882419,76.57419464924041,887,95.05114563511948
117.75643618422824,112.86196102133164,818,115.36490641802372
51.65878289278562,152.93047958301656,812,105.84283769043012
101.2093058299281,114.49948797183352,459,114.18254457880896
72.6495775197938,73.57839391705758,565,71.2700060350365
114.51727904094498,114.74062734095725,957,112.23611698087053
67.43664290049915,104.3983917687441,986,90.70615560293169
119.09377381024659,130.78299346662578,743,130.12362008213583
88.67353463005374,56.767870270965425,848,76.42365679102481
143.67299887367346,128.71306927522306,723,131.4321400407515
63.75209441459933,104.53932365437214,215,86.25898436199375
84.10663510502584,150.9291204244894,328,118.06523078499407
61.34735212405891,82.60593826425547,774,77.2392899009055
142.4693618278563,114.5884082447343,308,125.66452458860655
137.7339353380981,147.52309160610193,732,134.29546201635043
75.79416277151556,56.27607007897472,869,69.4863004271465
115.99840460341791,148.09513359600965,468,119.25492718342826
131.7222200201216,120.66742945308947,361,122.5372577171239
105.52008115994623,52.46207650156891,459,73.8751012741661
102.96505783560065,78.10599236414978,301,85.38585174534649
74.18522909004517,122.89892975098097,705,94.79692206573759
59.31027678058992,52.408566161564885,934,61.94628931983556
139.72157579533268,109.03875061939006,770,128.48294030239322
140.04180571633304,83.04713626482524,446,110.28581758061662
113.31014572732678,113.30070695442248,839,118.97354370016988
83.90297910487007,50.03162371937641,994,61.65581563629138
84.92095746126608,140.8690486767614,736,106.90358614027795
122.59556788702393,152.08378660951365,330,141.65766054450177
139.71102599525773,151.57656408142606,552,148.54201118495513
138.70864242651174,127.46170149172171,395,130.7838549512001
127.98755458576238,59.309486414369516,992,87.97121603157531
114.20316461542878,128.4089515521925,865,128.60471745900034
58.41399649950488,47.704560810468166,581,44.458765900247435
66.16287140946137,47.433590668189694,844,53.80610136210773
139.85541885270794,80.59712410644954,426,111.36915411716822
110.64290596595899,98.75075094451324,900,113.70765249739334
50.91970516166297,129.74481595885726,675,92.2477616206262
60.14715428660321,120.16249142671558,676,92.55634612172588
116.35017691080559,94.04929770144233,464,102.35281880538331
50.50615838462187,75.09893329098324,571,65.64494696417555
66.08080514174986,154.6836950173482,685,110.90879668394447
104.87337893665861,91.87994324595702,633,90.43433838922003
119.18951976926932,94.6525726762643,845,110.88572049023236
115.19612595026005,62.998620331083615,410,93.94934008990609
72.42693094605598,132.42905036249223,771,106.44481589837993
121.2179221347536,121.30504483596376,576,121.42812311368768
73.72490874968001,69.28465740676364,594,66.7238986624736
82.53996981592678,54.0619150177427,649,56.75502376041042
124.64914051180241,119.85492322821844,563,123.03729989701768
114.96328990472146,116.99623357092487,656,121.38947203652741
134.9223410494178,75.05854796980303,924,109.96810685502584
115.76128923003434,149.59499184754515,927,136.75850475575896
106.83086033354716,61.61636809589903,425,83.85255932197614
59.36747678280925,92.55682811468621,330,81.39947331890522
86.77158030594336,148.79775121843588,787,122.40547488146913
76.52023676817254,91.17000486187345,675,81.7319530114152
74.39896433790835,115.23785424304941,997,98.20139937355812
147.30105547524454,88.73538377590737,476,115.3384238985295
89.30977246667604,75.1636722583537,355,84.93684352059948
139.20465551771133,153.23754127558112,959,139.72551517514088
113.11386259972629,90.02674069465473,417,95.45924260382591
129.48113035416486,143.3509124047048,389,141.70705661415437
100.2637093105192,70.29500664801948,616,89.96715859029317
107.69038846263591,68.44151744275916,874,91.23401065557668
99.25176938188639,48.42474911729625,891,74.27810335485547
69.52429877980445,116.68335079134735,745,81.14745263045516
122.24521152615053,85.53789780961372,240,103.51717497684969
78.07723624408558,140.07940748236007,506,111.34923769917202
52.43159664314538,97.05308973607129,537,72.06867695181037
114.54722959071678,151.50127707061938,513,129.4617823666269
67.7110679407049,65.40780672734333,274,73.78153927479256
144.04585843529145,140.54854847511717,478,141.99575849824626
145.39285770025873,130.42565380709158,375,140.18323160188706
141.48643902204486,129.80140291084572,861,139.51457827454215
87.01587002554444,137.92615509285764,472,107.46382717667565
51.54566165288674,128.71263900372986,819,91.09518744187926
142.83185625877252,113.88423537945569,850,134.9562682915006
92.81841483173143,59.436936545062636,982,85.22379160489564
146.66548190436697,48.57787974403771,488,97.8213628102758
146.3619977089253,146.29326325972556,923,145.13791274759006
135.300945546736,112.83153459728119,471,125.41136041269625
79.44488920695856,132.6191020073794,265,107.2501808423066
88.50977286019253,97.96745866638051,682,100.17240609394229
135.1136671516857,57.90390078586339,447,91.5268255229392
81.69220051562777,58.77043714228055,355,68.83195339812406
66.94927466860925,120.41218159518685,246,88.0950214975155
105.68012624583501,92.3336484389409,653,93.94641291340007
143.61547741607808,67.05771993703704,400,107.21946875225318
119.6029796674973,99.07540014155805,859,113.3884791127128
107.0061170089365,52.06298307826475,323,76.2875915748819
59.71764937707685,109.01685421058387,200,88.22772573870681
111.50072266991697,74.58927448786075,958,98.6028918645487
149.00538501042632,132.7315010700907,839,150.54197303242546
64.0084015236524,79.13981548159312,390,71.922842746828
101.83296523637367,95.07421639899813,778,95.25476818046522
137.73730719279553,46.27825938989107,715,86.99542363331383
124.07686177542044,52.969157657401475,641,83.01404372681148
119.7015740995268,88.17429120473534,342,110.1868361591491
120.24840839871092,97.7932718188836,390,101.44536339401901
85.94911512197552,111.00226029312341,732,104.56443013580547
79.35918442644933,77.08288365802335,426,73.8788288959756
130.93611554785136,121.44800747391967,512,122.76603052158848
131.01133946791808,139.61346369081252,828,134.5546243043154
136.70723185801037,130.78360877826847,501,130.22714757030687
141.32405525564712,49.35807078831929,853,100.00096179678108
101.13423988609378,97.85576419836119,659,108.56172180214136
100.15162946871996,56.542319625999234,600,75.05981375959391
129.82951789667752,71.62495174487802,750,98.56604562495463
114.99639307777652,153.5328852593861,592,133.4480351321618
120.19668772577033,60.67450971916645,963,93.14088253993158
129.5792669436101,99.87769687964916,406,113.96106051685035
139.00053418175662,112.9971307749931,409,132.93511953363782
83.79951568515358,122.27114675985143,314,108.76845080531214
87.55829526399441,106.56135518356055,936,91.13251345580198
59.3981939840869,46.0747932161102,845,55.3413344279727
107.8280140996174,80.91074390683912,450,101.97107518977577
53.59422737967421,101.94828077231826,418,75.29734934716183
96.55980181324603,54.665314905931666,606,74.14123400062107
104.26446347075766,83.56896243300989,642,91.27652796261899
78.65412521282843,48.65234196705032,802,61.117855512321846
109.08332605690107,53.643634687052284,553,73.02122261242144
53.05002499390494,88.66156038217557,757,64.214217930715
53.734818874921444,59.59873294473664,749,57.05414450351519
132.26005606596584,107.4294933087714,341,127.41276456063251
86.01906414112628,120.84114660509923,811,100.36330131052134
62.70605126518848,133.06453690199913,700,94.67150756885101
102.22432600548044,67.01652686692911,901,93.12803178830845
126.99935530986109,63.42308404849767,746,89.66993237009945
71.58210274968431,56.50246243678403,858,55.73606677970207
112.28904758190004,115.00732744980003,741,109.50561033516253
58.5347464993768,122.71232991355913,706,87.30961581249613
55.168172116860774,48.474475930820624,795,43.084058600365374
103.13546315681481,147.98334708680588,480,124.91919659043728
104.06351216101065,50.716841201661964,623,82.13240843064398
113.74299014982066,104.54259688311775,469,102.71301964789507
122.60913337226616,122.9966571396008,353,123.24078635070143
147.58520794625346,140.8066036120694,813,146.17558415729528
101.63003483011954,123.54956253456706,926,112.17287730597184
82.29564729412459,133.1900891376771,861,108.67133116460614
129.51861947687036,82.33952117970867,282,106.91570664126557
77.08322512620742,134.63076251211635,821,101.79335403456973
93.8971420705636,53.812633102314265,625,81.34780044649827
57.8456381342266,143.42983216665806,474,106.8765193208234
52.53507434154575,105.23516137691098,912,84.8346748454342
146.2648414677925,134.9027546958743,483,145.65217678455272
133.59801205122056,94.75501129701301,372,106.30161432695168
119.59742060936979,115.79354647161774,526,122.3257954295536
90.89529444142698,102.90429270297246,917,100.17780070994725
67.32943200708458,125.4748473930865,262,88.71952162536662
65.6437042671086,53.979298023364855,272,58.73694936948634
75.02428981645953,51.638729238962014,962,64.71547677433722
104.92266647061206,72.1813557411161,835,96.87359659648726
121.45959227000624,62.549914812450716,574,95.62837283069977
116.01973767177313,140.89619232514218,832,124.13513636206616
77.99338969459428,69.11353860938488,707,82.0304064442494
145.4865280663194,152.34517814010445,986,149.13475191678137
123.78969166957685,82.05853709482176,597,101.64490869768385
105.43540525114007,65.03297072575693,319,83.59859700550443
111.17207462343522,131.86683578567272,636,113.4016790144383
91.96000624277899,117.45785530509637,875,104.16008325485697
74.77309895011575,99.80152880984528,664,89.7747401665088
85.59726786512616,106.08999060313943,485,93.91671259650671
125.78461104643691,124.11219560994903,464,127.05066571443076
51.439348862975585,70.13002154644286,519,56.46272985013832
61.607264050691626,154.5967307662416,872,107.39735783707852
54.600264202175275,152.22724783614615,575,104.99645765220387
54.07288023189702,116.53582549816306,288,86.25265725034714
135.5460584011007,66.94966960220597,853,93.2205385530581
120.36578593800236,119.82510666744204,402,117.90041654836605
97.41738290873252,52.94182498770934,938,83.56691859978396
59.78341606510015,48.37177524263867,533,51.61536528221682
99.16158751168324,73.3451177362335,421,86.33239034451756
97.34717707805657,95.8885252413248,240,96.18407240694597
67.32018699100152,140.50997559492185,907,111.75628008755994
93.3851649237973,124.98859767429389,267,115.63872191001894
89.85047343973734,126.69771733199792,975,112.31175038496168
111.58500980522165,91.80426678928829,713,96.8284267303923
113.50936508676438,83.05284918016592,836,100.07702237942556
54.53040097720445,85.8142639283063,821,73.01204116813103
87.46126146264712,153.64145201096636,797,117.05833255882646
112.58599157142365,49.41201105537307,831,76.64641578415993
100.31362585800878,140.37346457346933,326,128.86861595177422
135.64898411883223,108.65429494296328,454,120.64762296981311
115.8693631618945,93.24769611085495,894,112.63341373093046
66.29344270814298,124.77834264566502,215,100.52136145437667
57.056874740042986,98.5335835567173,676,79.83461306025676
114.24192782063156,141.07655618898266,261,129.92189918660455
52.65113105416218,144.07720504123844,631,91.36207024604647
108.57755812734632,91.38930195608009,869,101.01730394088528
144.02302414249576,75.45105769585567,467,116.82214298408384
107.5474177875879,110.15853614526985,234,112.25967448235693
88.8169926206522,145.35996801783602,978,117.86016375456616
114.32882184423532,68.17284079062333,775,99.81051729651446
95.82528904915166,113.52632419198311,693,103.75060300726336
104.56167893159349,114.47162421017725,761,106.41887319577695
144.14648087765252,125.64243246568091,668,135.663616252058
88.61026378007742,59.472445363998574,966,77.87369141259597
146.11905638239142,123.74074611502974,860,126.34093076966926
140.53506419560637,144.99357727322052,524,144.18866395186552
69.57911347892964,64.76514197572662,503,71.22385280500968
56.936130087516545,71.12976574162654,475,62.684739788087235
60.07780013774266,151.85346034458036,883,111.50045407267471
51.822182565154975,64.90746479804388,400,61.570756993654776
59.44429607559284,138.98236027065371,644,109.92024376567866
118.30067734163569,99.15056420928383,523,104.97260628755369
57.1188648460229,72.19541818434948,234,68.81069076766664
81.89756302937613,140.78248913997624,681,106.25340654568916
134.48753109694547,93.9835780502932,927,106.15872231723571
52.32719357358258,101.62990893226592,679,66.80089703883488
131.44684825889357,84.51567063397422,264,110.67287955841853
78.18547747733999,110.22459365784202,207,95.12627513731152
61.81648276216563,62.987625984352505,500,60.00679908645029
119.67371653641507,88.01896903169367,542,94.9788211143063
112.8942846779884,151.63535545688163,630,128.81288693674162
137.7472013527053,73.39467759712403,623,105.59140451329195
123.50710438038858,117.24103309954214,531,124.33991557393085
130.34809303848488,80.77090706471644,637,105.47682130036252
78.20345725713065,130.08204382552606,787,105.40305225485474
67.74395437797229,59.39610267901848,373,61.68936662362471
125.06147516408583,151.68031495863994,758,147.11701607399866
130.6834739267264,94.91684955220032,726,107.70891351782223
149.0505142000673,70.96555096811103,858,106.51184149766353
91.26176769114265,53.084642206301396,225,69.71141457875447
87.20180857927832,63.67336955962948,804,78.15111105933752
127.64129607419969,102.17513434116194,605,109.71391625874641
84.08035402530179,82.07034940744148,431,83.75394466911163
143.07573256035647,136.17717024708705,732,140.45100212085455
135.8412751843012,92.39762760279865,749,110.64766153988302
92.89940273750184,72.35856998463929,987,84.27888366585485
125.08710677914974,112.8859485264433,704,113.94745815910937
125.45428740846823,122.74549385739904,868,118.5145199206249
60.31238688359326,63.37460986910449,378,62.341527158956076
140.25529066795667,63.43811379171494,331,93.5479243024455
100.52523724478571,49.033856962689725,654,64.05553359098653
132.64574661077415,126.00422165722046,547,131.9891506379813
82.00496010306117,118.01849803839856,739,105.25657878368573
139.55232284962005,97.20939633247953,971,116.04684399758713
88.92016787341632,137.8587493866117,605,110.04910536952515
51.08376514802983,133.62371682450583,275,97.38141711614064
140.53819764192636,109.38898008364274,778,119.23589777278994
59.128667678613354,140.50984085645845,691,93.00239114393011
81.93136375904149,67.6425331040445,393,78.32513055008543
145.0061967050805,57.31115813375007,361,101.20386835197682
145.0607146937556,74.67245726686886,546,115.19096967676343
107.34378881232861,51.279554169824635,560,68.61034209718673
113.18372121697993,103.42864808011352,968,101.3028146929539
94.84455219783197,148.02662615244577,783,121.50724947435965
79.32107716980646,49.32778947353606,286,66.41280181409019
82.8664545369916,58.43209054110295,461,74.88425797749457
117.25184560770384,94.74189311117789,413,106.87095820348475
125.237452943768,147.72625192806953,864,137.30512821271162
129.15790437258485,79.77717154744255,921,102.52053024486271
128.96181427945538,100.79582895572317,772,122.83334614211185
59.12061030486903,49.573014495543134,979,48.831695122853596
99.44203047025815,61.317752105829776,461,82.17499205082366
55.755876001664426,153.52931352547316,929,99.7035505906287
104.95288823237355,151.16305660796502,482,130.73186514919433
94.1530501373377,45.54339790278506,847,64.66313617312255
138.77041827582997,149.6992963965563,666,147.95393582869542
85.09150125520787,115.30319315970505,579,100.75787194157904
61.706701642760585,140.47101239720243,561,109.81205288627491
64.29916820528359,95.0213841197245,648,78.25517792614612
126.15106317174723,101.71556314371753,640,116.05814373897012
111.8218063316261,98.77312382826122,292,101.39918367764011
60.11226761227903,118.35506833007148,820,87.79420293896878
58.41068061149974,60.361638023194416,952,59.91490671456884
120.096913145912,48.297094885994575,623,76.56090440359641
57.27630063641935,78.872293575031,341,60.98617743480132
132.18600592903562,122.51488390103114,490,130.3497414142116
120.62422271564962,67.20387973352432,631,93.18361711692857
58.13487806418998,119.0775676657409,948,85.64159019972534
58.48377140851919,151.69032507179975,888,101.4021173380757
148.66395785011753,55.329078736836024,852,98.50407431485831
87.42707957561203,118.98623300476389,900,103.76940986522911
87.06421470668909,93.81252412350283,248,92.66354873567691
131.27995672575025,140.4956479815256,501,125.42726620551181
144.72485773838588,64.48647683921246,389,111.66983757264863
148.6001063822871,121.1888547448781,335,141.60298437829255
125.33781852589416,137.19268186129213,754,119.61197637585865
87.62595855309158,148.90756414214258,603,123.69639482923107
58.35007166986688,120.15728311186103,801,94.52977164751917
127.71469159274368,99.689224040927,540,113.70418528777307
105.8404249735805,112.96319642213352,956,102.91596758843262
92.42220092469762,140.579548292659,903,121.57701506700367
140.6354385094736,107.76707213027126,517,122.99509998838568
61.11974823061513,48.342576566652056,817,57.47555661772837
99.26251042908592,147.40435650576757,562,134.42943982723563
51.135364476741906,120.84794261347173,581,87.25083729822491
96.86606419941262,119.41647243549711,432,103.55684485886205
55.63032756818374,68.72426676374889,976,60.4986421913677
61.88179162680719,117.47740172559229,543,85.7323698749948
61.752624677710486,88.32508462195743,748,77.20630323707657
114.92103021160635,116.63562747456413,752,111.7479910493362
124.60448792654233,56.725233333878975,728,88.30060351846244
108.33687650971596,117.36298350633396,988,106.42777813598696
146.21725484745417,154.9355098347733,770,149.91594731351802
87.4870579523704,50.303324274661165,382,69.77896508002603
78.57120862818607,152.4891602643449,240,102.10624421067801
136.85991281894604,89.75987567951577,750,114.60776205663201
72.35958385194526,140.7828795370985,596,106.34273053903799
146.32225394406112,131.0624032464101,903,134.86736885145498
51.21544746898164,107.37178870853346,978,89.4367627101069
146.9878826707639,126.22941301764591,693,141.4010304822287
54.31599119505761,141.63671174314828,858,92.49433903834594
139.11431136980713,89.45543538161363,532,118.47605777356608
102.77011090862999,80.97364777195625,326,98.0943697203984
149.29647961193004,118.43527241199432,757,134.52598062504995
57.37965647353989,133.86305361353845,756,97.4285652282758
105.38542844013207,128.85136482542774,200,118.81012996738787
146.9302535619099,132.7595013744498,367,129.41579817356342
102.30978441701488,92.91416462942263,819,96.67762653896675
112.93986381352624,134.96176377925238,218,122.75624958646917
119.57486889846172,58.22299609076693,531,96.0497106774137
95.45410647677733,104.89380077569345,783,101.84259294404475
112.75580800840635,45.63345265479337,655,77.70657552101638
108.43143119231001,80.70444128902973,308,94.11731253571482
140.11580104909888,85.31076883585376,467,117.83021285061332
54.54463803414579,88.57899607701809,644,70.63889373935537
78.09631895922303,121.50139273588483,439,96.30787818209589
145.04114840765587,87.74139113973803,500,115.01275880909262
139.02637838909163,94.35629848847837,801,121.39481915789843
95.56567527857129,71.12985439617603,302,85.82858936536334
112.01325978015367,86.05769707922741,449,99.25681829643611
77.73811829811326,69.99965899894666,652,74.82658514575411
68.81211597237613,53.051551614528805,719,58.13312142547506
96.36984049399823,111.37934527195156,352,102.90484588076163
85.33522280260527,118.50340784105178,373,98.60279371295593
108.3656111850872,113.1439380610576,542,109.28087820157367
57.77346369649848,95.98434481806297,869,83.60979557541384
147.43948076661667,86.77643581971529,630,111.71859923628003
148.62107444796027,139.9667014529008,926,140.85029961831594
119.81617140197451,102.09899636498399,888,104.6860895688005
103.60963663441204,97.71000653927041,886,93.30527780090323
80.95276162863277,47.82062723870793,857,63.4528348626939
131.37950197069486,82.5372610388772,523,103.8703355957821
118.47311725538793,86.82151806644427,872,111.45576231487706
66.26169393448913,88.87050589865905,838,76.15186718568512
141.09271844938425,108.81896061500655,619,131.4028238493455
132.25372429231692,103.69628013995663,793,122.81503459083994
144.9799913291924,111.86956020727891,684,127.38000499211556
122.571950838836,129.1371587696341,858,136.40523271466316
111.341519593579,134.42843125877027,950,124.22764535849868
91.82430362906189,123.99353838491439,611,115.47396733700808
143.2728483354013,150.10760655504282,283,153.6732119031284
136.60638895004084,47.00558409439978,312,93.87922644774422
54.52186701061894,66.53557842519007,936,64.28437695693376
52.6366974497252,45.831916247595636,531,52.35466392425779
87.64633668780496,116.22221855700633,577,96.2129704654471
131.0553330781833,143.78336038449856,954,137.70579850360602
148.72761293149443,71.78305262339292,854,115.62656894716697
65.04168911035282,146.97379992759375,240,113.63867610578158
109.4130715352135,51.6294129318517,969,76.91804387437286
88.08908566310215,147.78796294860658,996,120.58268081491947
146.99143978146031,83.6784955963598,304,116.08931875529773
134.21189231357087,56.156291129413816,401,94.59472139858435
133.83287047111378,98.44589351049582,649,117.91939513692992
96.86931597949703,73.24542244925587,465,86.14735626770714
91.48195023376653,76.33601921581152,409,86.61602256915197
77.34070719307063,78.80189614189152,762,85.27988547223133
55.63754966509271,133.33284876159297,317,98.40583716766633
136.47223762550533,104.307740434278,912,121.94294532425518
131.29010091300776,79.2438469071604,576,114.59009919419948
149.97176732861305,112.13671616420102,750,136.6038897258087
149.66368370739053,123.77657416455129,739,136.25813674295415
105.54317056026275,74.98864008068871,970,84.1803033087112
126.89874151805105,90.49040116778866,283,103.75541793831754
144.47657298824282,58.40747026706423,653,106.10818386923171
134.96473906774116,64.92642844881483,866,96.79402136201308
74.73481017431976,119.92296393614811,828,92.2886096696742
95.05441353100935,64.95821824651897,713,76.21588925532816
62.9159415151495,102.76797220337662,804,79.40503529880957
145.40510272587224,122.9950887894676,877,138.45333409658116
110.617463445088,56.756461540421824,586,82.90325211384354
72.86428055034628,107.40434415917939,549,83.27243935326581
117.17006844058567,73.22190620715001,495,95.35121181267962
111.81282404578958,150.92195627613378,457,132.4787208232029
85.81627180328405,98.19002113919171,280,89.60646216403363
61.355759219962906,133.6591804752674,467,103.28689526857865
117.15731955927996,105.52491963718879,618,109.23642516977294
102.03077009037932,49.77537861403011,434,81.44476278539047
127.23183917356393,114.64665131534245,510,123.92315914282807
102.01635011119933,149.65436764273227,556,130.46838641718784
135.218150031854,111.17730021609643,412,117.70497091994325
105.19068387744855,135.1107745369469,773,120.64228016838824
106.09379715353862,142.26271096832485,248,123.91411403805789
137.66536026583452,70.08877491438257,326,96.76703496557087
90.34828662123971,68.32493238990493,422,84.86191315458686
63.40152284506407,112.20790877360909,478,83.71771132479984
52.8782676313339,90.21313167873751,607,68.49786051085579
125.5137255673619,137.38474331533922,704,126.38265526336194
112.03095513534646,144.00254357378122,493,131.5226809849157
120.40797680992236,83.876351723299,995,94.5125156727477
71.29641615089108,71.05576148719302,476,74.26546282136489
63.63714755867697,130.8578066768248,637,102.4700470489682
51.45446656678819,75.22866391029497,306,66.02745737667038
85.0587558806597,135.4875750365046,857,113.8363078778143
108.99176868546331,91.61120790136391,619,104.09922064130383
89.22440450997323,118.43048892206176,810,99.08032508238867
93.74749220237291,55.5088845218135,628,81.80186326041492
140.41586944937484,113.62452571442303,574,124.71981631123145
84.82554670233003,94.6944446610952,272,89.42805759376274
101.39894891598108,109.52693094930216,833,103.79975334088682
128.3653012741143,63.481562851934974,229,98.38114266741118
89.65427823212701,126.05611194386003,387,105.16500887230642
112.20867002278735,139.90767852975515,563,126.3927528974581
136.23637087467452,68.84137800998532,999,96.3621553565999
144.95206236576422,55.52860110721779,650,106.06365777899886
64.7073480929038,47.600244465097006,394,59.50750100875142
142.65876251614944,115.61686504875927,355,127.6765149729455
99.21162930795381,111.78034396976588,371,103.1502414887308
75.82443882989584,105.1367153985477,240,93.70371834581026
95.91357562382613,70.5141805727573,262,79.6774111951119
148.0032575285477,87.9996595496066,222,118.62828511790299
99.26180939928696,110.39239687047903,559,110.63409707204003
82.87516102875082,99.64435447450863,274,87.20347215594377
113.34008543167258,153.6564072236376,759,135.34125047325608
74.0145618778193,60.008372781240645,871,68.59009366420744
57.586332810866395,121.46590094523532,317,89.03943278473744
62.88797219106492,89.47506449147212,811,73.66257042074884
62.80458389577724,92.10195764181762,579,83.52725605326937
65.19026935122943,123.93575422239938,878,91.57516860797956
63.882717264941014,121.16797664568067,489,83.46515244966274
114.08747448032146,154.03815930724073,639,137.26548485193626
68.18800843991448,59.123371839953776,867,57.64917339109496
84.56672833238632,56.4520614322583,206,73.96880060659775
139.6788409906012,124.67726988416153,395,138.8525716765986
97.39616402628724,108.622560870705,620,106.1581118404895
116.75577385210272,75.15767332157864,767,101.31378009627814
67.23198712016298,53.73613058878853,392,70.58430438912399
69.22890188086708,54.422407455607356,758,66.65945698128195
54.08686162664789,143.360996213053,347,100.37679588297762
66.89350630721646,66.10540571906172,986,74.66919693075732
77.85903390319586,80.57087183270728,868,87.9888305921845
67.70104842767468,69.93220424496869,401,77.6604852526188
58.87025337570556,84.0495936415131,643,68.99920593262932
62.063587110060084,52.63662270207027,618,50.58001311357316
96.07787680327257,102.09657699990974,626,96.32126598441671
70.63337184057926,52.43738199514364,678,65.05358499682733
86.42698610480755,133.03921586045976,674,110.52889570929419
100.34172708548569,70.70832901014764,325,84.49262312193243
119.03948286293652,104.40131060649617,594,114.52280372874102
53.931213984109895,141.80869963176042,775,90.51593139956881
129.94103989090428,116.59651059519136,524,123.97462173650554
112.79003894909079,103.62535652064687,591,113.79998595910821
58.17590319488719,80.67671284269132,887,72.1728862415804
137.35786241067774,81.63021043640177,827,112.9530855327084
142.08724005318132,118.64356507180091,639,138.3522665122537
56.107795985486376,154.35532973432842,403,104.90084643553907
77.68776481472037,117.80231088343164,685,94.47957954232432
130.62012797930612,106.35617591070275,230,124.43572715832964
124.82596903836584,125.37155612631707,587,130.9543657375111
68.45210193563773,96.172617351209,824,85.10381801720234
70.93493233367103,51.61565768608637,633,60.47344000696646
87.0472102791382,106.85264974657008,575,96.95682826789407
98.45229851910213,150.33878129559184,543,118.01167514669156
111.8254771530296,64.28332365934256,642,93.61913305722209
86.89136395697724,120.90053799027324,778,109.28420752127096
96.25347161331479,67.1027057524962,274,75.11967493057158
124.74709381337566,103.94104529203894,756,118.68222997223798
53.66832028905979,55.63440946113916,971,56.67187315014452
75.24369443440207,94.54080298840037,865,79.78237815944725
121.33495858845524,128.17796617847705,354,118.72646137810379
139.52068376871995,83.23286766628803,629,113.2442420645126
101.16774421156661,118.14028969359399,562,107.6654963830457
103.21134852653157,132.4994956868702,647,126.95516635944924
60.7172011339776,146.98956014273978,433,108.61637261160323
94.74123668234546,70.8106290040999,762,85.14439852688382
103.2617266455023,88.92475073902389,461,98.70863371227507
74.24705036347297,61.76576146634592,324,74.66074181674527
76.9243230949381,154.17318523742128,444,119.78134462481638
87.72841631046226,146.97010647167247,741,119.84809358354747
52.00711977777264,104.39528433086156,684,73.29989617282955
82.20791655831783,137.62366238140635,321,125.22552429689318
71.14480069965447,102.30537749992465,324,81.2091753132484
82.74973521779147,113.59442568030357,748,96.60936676354669
61.97621318192512,54.80368753276183,369,50.116308975293485
139.0527280739895,128.07974625464885,323,136.2602279581655
109.35924535540487,59.04848319987583,234,84.95941646406439
117.91023191444896,135.86743932777813,286,130.71521781293734
128.91712386073382,131.02308964374245,845,121.27477859671598
99.84421989290573,122.96191675172741,907,116.96759665922123
58.69202880874237,48.97764185772383,985,49.79765832588503
103.71065418185478,78.34411915398616,400,90.28236067110115
108.68411180208791,73.94238269019272,568,95.97110358954565
124.54394741843299,84.6150048218671,996,105.88580954080955
93.16595462296794,54.64070214402224,276,75.56304116682941
62.75803027955638,148.0653605334169,258,109.40758950601364
78.37759057987245,105.9182464783614,630,94.29187172881055
86.30822963986351,78.60767417238259,837,80.75241239337946
114.59172413316013,88.66796687817117,699,100.79749986448951
107.07783046689119,94.19227945553192,308,101.69444835447067
85.60967258978462,111.0653766696679,935,93.85974416199458
148.65152487929797,101.72473704661476,477,130.1681742598997
110.57748193568872,146.13311705358592,267,129.79856914867474
73.72267917359945,99.66598311964133,268,87.06821248623022
60.17824726204037,154.1373816305644,364,113.12029724145974
65.28591391843321,138.65674535196052,688,101.37076141914002
74.59577283845081,67.93615657930694,504,70.35385972311678
66.06813732595558,147.3654736108308,873,104.29366164837337
68.65670240513057,57.80030376740237,564,64.94383813089615
78.50951686938471,134.91946793403108,578,108.25674294336548
67.33735952947548,86.86856228242381,542,73.77153990340011
139.67654246264252,141.57717524895764,753,139.7383889702331
58.02337456616422,140.48623591181953,553,95.95679389639571
102.45113895702546,133.65179401293832,615,114.52712421590444
91.03968269896615,131.90334799377675,308,102.82202618773721
148.23786169086065,78.51470530078448,762,112.2217322274148
61.203890216805235,53.90112113563774,961,49.04143934582143
89.78555990457417,89.32781966416776,696,87.24261135267342
146.9470433275369,64.08769664851596,540,102.4538967586384
136.55071258939802,121.4446197792708,582,134.25714147066242
131.70720709492798,83.07096991915641,732,102.31441447549399
75.79028270449399,152.31712209459064,499,110.24777047546993
67.08875873900658,115.50692850798652,338,89.39022292753869
116.8643219924431,135.4728619997797,558,123.2678737385975
142.93759891275857,59.577714001603326,698,108.10393044429034
105.67628930139298,139.82159304998848,584,117.05610431044263
107.16126894698999,146.5032909564734,803,124.93525745680249
77.99790936602841,98.57681107008295,479,89.94768646387772
126.94929331919369,111.68782315260752,836,123.72447495111064
68.70437485575233,129.1290780993295,682,97.0155186978899
82.36792364042437,64.23224899864539,310,63.70958831701591
92.54364386164167,100.28226841097867,338,95.66243502838265
100.7610378684455,88.85293305495443,634,101.56712784260354
74.24097324150802,61.1011391378474,708,69.08199322682984
61.483682473920354,85.42878645206846,472,74.63832377479407
111.06200424416326,52.49895403240429,298,76.4653891803988
78.86305532402558,47.83930976444357,963,57.52282459279125
108.12382214226122,59.8682918070305,303,84.08626521781635
65.43627152742023,150.94266227480912,413,101.05757228970765
98.11401018548175,105.44824894845186,960,105.68794067877936
103.25894325515858,151.2404377268542,863,123.01645924667459
55.18235368224269,92.57476661631452,961,73.75527374562112
83.66042781939205,79.29977463937855,986,72.05126663561408
63.44146769389742,100.67560491242685,364,80.0895269609446
56.33749704727678,93.34628574962011,719,68.91258866279742
148.99602323899452,56.62311526879183,483,91.19978716718413
82.2353844974723,115.49089461592268,716,101.57235000337907
130.9874445854635,68.76420007605596,856,108.08162002621759
75.46406547637639,113.15467503876125,812,99.95673820428854
118.15027222239293,116.52212016379687,363,120.74464964261394
126.02278598896865,61.72273384415129,858,91.80215407683224
109.56387406078443,51.748458982173496,263,84.6856176642181
97.15761885501584,130.88377446752838,290,120.13996265414075
91.18409141472685,95.57804661462522,316,94.0651781630325
84.88682665429954,51.39801750560234,466,62.22062121839082
142.9529144247826,154.43529488867438,884,146.19718316377163
133.0619407787729,51.35586170960033,758,100.7223836859263
146.50269106665127,121.45387517444085,339,133.60456227979523
62.42972234855447,153.2046817789755,445,91.1934234642095
123.08674752036443,71.30981146375181,860,89.85366217370715
143.83404568210378,60.64743055559158,957,100.11849460313526
68.12330661656601,58.35234333646718,594,68.41695116860443
56.649626736677746,78.36026623243552,686,66.13933472252207
124.11206492900591,56.11503921117114,675,95.38571034495483
107.4473113179912,121.13774758635451,716,111.66171768443542
134.1828776758272,51.8520977943069,383,83.19602512388899
63.97723766262895,101.03643409647687,219,80.04903008656248
129.52673118598904,154.63665392382745,757,143.80641756263967
70.16273200477445,134.53672964566206,723,103.65948257192483
66.36559428657046,112.6741382054112,781,83.24432749970765
66.4265797930993,78.68789828652729,728,70.80125803079446
131.45747202313822,113.62854199208023,346,135.9663781979296
116.51972206962002,102.97456103028168,865,103.58079741846646
102.30654247691193,91.86917222794087,503,100.39147432474515
85.88304841235025,59.378141441421946,819,62.14721643403711
137.72005408131082,142.52646367645133,947,144.44221800172937
89.24451074226354,94.47631137034548,781,87.39878410536228
131.65994394715773,66.40847630028415,894,101.04465141473564
93.91349085702184,85.45352859650185,961,83.22588171792084
87.69444294249075,90.55427277818197,427,90.5786218612199
96.26797856696064,136.0291685123562,301,111.60532206095122
80.13778741641421,125.69758186175423,786,99.3424437242511
124.76093801762511,129.62353830054738,616,129.4021681910614
100.27203900924792,46.213439087151194,415,71.09081166621448
73.22126951468172,90.77693979977377,606,83.9010118983093
139.95745732745684,97.9478566798856,598,117.99845041045447
88.38912213732114,47.111150450536236,914,68.08760470016506
104.35528611139887,73.57945296195376,903,91.19280189344332
140.6472110964547,128.63188054343485,960,132.88945354698907
112.42379959139922,60.0820676301899,698,81.27268468078569
61.68980407083641,103.88411445978508,953,80.1253979356618
143.9832123613475,68.67220592189612,664,112.303405040789
112.77080530714179,46.33328521082826,890,80.13291067936777
83.49056146570861,71.53216033594956,930,73.28686863377672
63.927207266338726,152.34611304010593,281,110.14446319516091
129.4025189270296,133.16908230712886,803,133.62737854177493
112.00727559285136,150.55343087531367,886,133.88034861307156
103.34610919763216,98.66394483189987,950,96.11584101290958
139.38925830509578,57.070981854525385,971,94.8181651083811
128.8597211224531,105.27554378710622,564,113.6834863728446
65.16748797327512,94.9815068015957,362,78.27125782710444
81.17220677955483,137.87927910135775,247,112.22033886617497
74.84891398144657,55.78908388626691,710,66.7999229575118
124.3946292572677,98.7065250723956,528,113.42666195061746
53.35324347357794,61.50535311633827,315,64.19939400681572
106.98896848713164,80.71435195790659,536,97.29611488497727
126.24586857406905,126.10927851265797,936,125.46856541838306
137.67656367617496,97.36199423056432,346,111.59985307310716
84.20817487159076,86.34771136603462,774,81.70520807645833
132.12573046720127,88.39239064270389,522,108.95053521656145
61.063173695520724,95.53914452465852,642,82.4468082467702
134.6452291734518,131.35181982207627,212,132.86186482723357
62.74886623319824,143.1293157834258,693,99.6581112338698
89.72872905603673,150.0868155154321,900,116.24330785709829
129.72953657795534,131.55937248808246,486,130.29656348841277
64.99174273487738,79.6947585322814,919,76.79318844466489
72.92513952326415,120.69481766951964,313,104.76507512526747
122.22525683930662,93.13634364609311,679,106.65195725255153
122.00365365460743,73.01376842506562,221,97.28499513602354
114.11476328852973,137.49587373685148,548,119.73560998190369
119.39484444671,49.22689838585575,925,94.00683426178021
104.27244433475963,144.1938191348966,882,117.22811754404769
75.17990589069527,95.76252110872076,765,91.32952505861077
84.56959935039194,115.09216244891084,519,98.00420113458904
68.15977168014257,117.5289314426361,325,89.84751909218774
140.84505613336285,143.462951477719,476,136.6039859461113
108.33917947661205,115.03366503839281,403,123.7366655045381
90.08514167636399,112.53269432360679,393,102.41637611637736
96.20058036441327,52.3317244616759,880,74.3725545985649
144.72833396118153,102.02488241397245,863,127.8102699853497
65.33514031160801,61.51859008987458,746,60.17270157259148
108.62298320167972,126.11771455936342,895,117.37957865667659
100.5888678884466,101.3444112893942,485,101.248321022981
111.14542354346477,119.82505571291887,256,112.92451096645115
51.81101838208405,49.58401906626227,933,56.695709120102734
137.21239089441514,54.327121765038356,502,94.67648427224722
143.21182824836126,123.79557268689504,362,125.73804020078401
106.51331835892088,52.92927695985407,218,78.2138108417831
119.66508238768922,52.83824005417844,569,87.49755457950333
142.24993811772958,46.331932275837616,463,89.82346902734557
120.72386343133986,150.21515381294282,993,131.39653465628916
65.25390429142614,126.12591954049077,312,92.95861672532824
107.62883601668132,83.85765493522706,687,101.84942377628899
110.6715046382856,77.61891394164208,526,91.70941917673531
92.4130671302386,83.46735527204345,741,95.08579629389618
123.64442356247228,130.21188842993,846,123.85340380545948
143.43670147690148,117.75076721774559,778,132.21880502860625
142.55685129067763,65.37151246542147,264,101.73296850695078
95.08393714041321,64.15202688674928,491,83.3883978650336
61.323804584075525,55.8235214684737,224,52.98229225344822
148.48411989623344,117.6332991671472,748,136.77300692957647
133.88980864459342,129.08099284439095,200,132.0547477460406
62.46626812032669,74.15510711575044,748,65.11072853415132
142.08418826173724,47.30394571340041,340,93.86295956401807
136.98963620621282,54.03888342240701,943,103.1835345194708
101.88380571260721,151.46460383295334,847,127.3634272971842
109.12754357449293,77.49892552251623,387,89.7995944689414
89.90027038701302,129.6145462621947,327,103.7339419104633
55.47616388220313,113.71299257396902,400,87.12159959524107
83.51972416459009,87.01336036181854,326,86.24576849825775
130.28534485980114,67.62559884151106,456,102.43057532609721
50.46320230046029,58.352505997534706,875,47.09673045054829
83.34991716911442,112.65142648427533,746,92.13936956223739
89.81686935909434,130.20971587015669,393,115.747688610885
103.7395602937923,115.82946788952438,902,111.44122232555505
141.98556164127604,103.33323465740742,303,125.32640240552954
84.63459943659612,49.61463457747999,734,62.311181846498286
84.69532018962278,151.5337655353822,464,113.2096068708579
123.75012481097484,132.8585610820032,583,133.26063623744946
95.22179408898072,77.21042403710612,459,91.40799733686916
72.4604822939982,152.79673622947357,613,107.1870118265906
95.24395161326933,111.20697485999543,557,96.82861075736815
64.08570203797998,109.06649240279711,274,86.03313236682632
67.63869865062233,127.28804973724853,554,93.4666319270554
99.83677727394797,134.29467668991515,783,112.96484258670144
91.89254495045479,117.21264680646529,970,98.29570464632307
141.48459010681,59.090532100282005,387,97.94539186214418
86.23938991166331,82.20942565939482,884,78.45093407236473
108.05883502780435,147.08920043586545,489,122.09701321678871
113.22642879195304,69.70771730282371,244,92.95903228021989
51.30944565883336,85.93837262212647,772,68.34791796904302
116.35373720167107,92.52845712386156,282,106.86549057042697
67.80359668697514,93.33454886638974,322,72.32390559993591
146.1070317469455,112.4233540743978,557,129.31459595982048
64.8662727753113,148.73834215191783,727,117.18049517444376
91.46241237270237,71.47619830157555,265,79.60794291571096
58.534966807864386,58.36515139310099,856,62.57380413334418
149.68742518459473,66.72175388459311,574,112.28462377846604
100.21950103312426,142.56173902301964,361,125.71661306807833
109.53850173200438,116.03918939207266,945,113.62215399732513
56.70764773884275,76.44974681630761,579,69.40912719129625
124.99604703991778,134.7541632865479,855,133.37017326329786
70.99055930955858,139.75069959997796,557,108.54785959634006
139.80542894407137,138.11657725593057,387,133.37391223243398
70.51396404820072,146.081918700351,521,99.76101896155593
69.06877206636665,72.74651221906977,649,63.13972442564417
53.65496678480949,128.05461216209062,673,89.50398951153673
97.20669451099992,95.6593447001554,212,99.40265327769089
106.48411332626165,137.61984081790678,383,116.52992068452629
56.57086394283524,125.13397448777745,310,95.47227150822836
127.55276166950105,130.40921911496972,707,126.46961451969595
95.32888347480275,117.17780214491786,489,103.7895667538899
102.439026932758,64.51716464166776,494,79.29756080781488
94.07627469382282,104.95296107866321,650,90.09068609116164
90.0763060875326,153.3136713476959,414,122.84155935978748
105.96403313082179,148.1126873146831,831,135.60169878694526
65.52402459307125,49.74911093767128,766,57.32324514770845
68.1928130495271,63.12962973023808,226,56.40806318140834
136.17856210135173,59.49016508000181,829,101.73607764875901
144.61154621336328,124.85779009838251,932,126.61067820535794
87.3309316279753,134.95638628426394,430,105.0984869711737
77.07446731435537,68.48625029417391,764,71.58866794269679
114.39995432390158,100.64379622470119,520,108.13609246700237
90.87341710980964,137.47733308123202,432,109.13205508968667
52.538635566034486,125.60816992428757,869,87.68682246233112
65.61525973661904,104.6460926041033,636,88.70648817416459
121.59722288473975,109.93824595046502,980,120.02862884164247
115.89239419101514,100.9196601607908,732,114.6633092849743
52.70959925034835,77.73032964507027,602,74.76705770917678
72.19721619329495,107.15241921449177,252,93.72426431219894
73.10747965880714,120.77738322550998,986,95.85874887013735
117.18927435987284,141.06552074468885,512,133.42396650789573
51.97105377543642,114.99204893771729,480,85.81513252660277
60.41085819845738,128.72336907474738,925,97.09894852423366
129.99160853731894,62.607879845003026,230,97.1858381165194
67.85446620543337,95.77132218617689,536,77.2526236850356
115.27461078518748,46.02647818098026,382,75.51006244397422
73.81827810467266,72.13467509737853,222,72.49088559564989
59.94413927593452,124.91078866243053,743,93.17201434841438
74.3172190999454,154.09909464842997,645,110.81095225952913
122.22669318556592,55.90959095459375,273,91.1848518131227
135.56964681062857,89.1643747447417,209,122.77084029788108
133.02198645669915,133.00780655690755,683,124.29324291041206
89.71835296184548,67.44391980917888,655,81.49235877333099
116.80851365706462,106.05934442325149,765,111.10405593570401
70.4984295415821,125.63784256326423,763,100.32141382909644
79.31477302610134,112.75839952861969,859,93.88301277505906
139.63358185211197,65.68272080769577,359,101.92785190466803
51.300192351073605,84.09230255543133,213,68.34374970829296
58.5508530854468,131.2170962933937,377,93.37580527174396
70.78862551460273,105.96491655452184,611,80.77406444771279
52.65322038738197,45.5752574897204,252,47.94466378532891
68.14354350897973,128.7089836030903,607,91.34409541505406
108.30415609696922,48.884249043426294,221,81.8601681230993
92.1424550592498,127.03071610043554,229,100.25886007445206
139.2671711076975,67.27286161817611,902,108.41328826021625
131.7443561738441,150.3880828131318,459,143.21403449450534
84.1817351697876,85.47348264322929,404,86.99455198517792
75.94234334312925,80.96247779718871,258,67.63086123091978
87.96924081672668,61.37768553656892,670,73.03046598619002
109.02949425148077,78.61646370392364,975,99.5907961210015
76.80636408228763,141.43158380110208,665,106.52593404654338
112.41489078491341,154.5967771389972,211,128.11552321213674
90.94116521912404,85.51404835575332,830,85.04425631241011
105.20471808519802,94.34716940499968,489,99.43455563190217
93.61265291353166,124.42780320230108,959,104.76337580635231
79.44657595419177,142.48153585115818,553,117.13314206312144
144.84533069621568,110.23487676054626,838,127.216766078429
126.36057941597608,88.06782679956123,274,104.43635636802901
64.01131757664525,90.38840249334862,915,70.69314240081903
136.84679758979127,121.51799611464875,760,131.60462987861467
98.74311982495136,45.354008996470654,790,74.35689588426783
139.45522268940914,113.15482712058248,640,122.34398037407234
129.98552559473154,84.1042311485493,440,95.8632332300697
92.52135044692335,132.36170644047928,353,114.49533939158074
52.24693083201174,55.22897038054454,985,52.80393364997313
76.8677359384946,109.70224936432295,295,94.96534849103712
104.16342146608669,97.90701788747361,925,110.82109234497834
113.34782198261473,115.65580784957501,493,114.36765569754958
75.78876854332023,52.133895393126515,408,61.39213888400952
63.93560740728241,108.79821661709444,542,80.63030217394672
133.4930236799299,106.7633046755476,287,118.56605522026351
148.44021807035523,106.6726103857788,975,128.35930097614522
102.56901823026858,111.38364332561002,589,107.2428678809331
67.16792858483035,119.41147309489985,524,101.90702754020062
77.2307326519369,133.5487899648847,356,107.88518913574052
51.83906765474667,74.68027921410358,867,62.585669076889076
141.4298806560499,135.75543511980683,850,135.059854993761
61.77510828901411,99.80812504897989,832,82.12498048791359
107.65164755142536,53.47641070477643,776,76.02898833618758
77.4055220687206,51.44060221683771,818,65.32221754046869
105.41780025157934,81.7662150565667,858,96.02907728859724
115.14203883518643,131.33866748226143,336,122.15809204486669
132.97418037072015,122.84490282150074,873,124.75810937578474
70.64212717606031,131.74764611396472,627,90.26840240833799
51.09958286584805,101.89959620857704,651,82.2187731693145
63.68856300688073,93.42188977510396,811,80.57172834221875
140.00186418481053,61.219777937691234,340,102.74890746917478
137.38900775625154,81.10120289702428,282,101.43834364775141
109.74131021703083,92.74213027912629,376,108.14091374677885
110.05168604336534,54.74604726475789,397,80.0727823209712
116.50366745462554,69.26731479823323,823,91.44151461293195
67.53712786234496,110.80478234701127,767,83.82452082758398
141.44119459249598,125.92294256631088,890,124.74733992270419
91.8770524892073,154.81822625322445,620,129.13437092983372
88.31385282494975,147.64246644779135,600,124.41114648335866
101.89177052828376,115.68217194887107,897,107.95933048181078
54.696596677505504,91.33728586234793,670,69.62001842089497
66.62833687560794,114.9795101179056,417,88.91870265108548
123.80336164263704,131.42167798882554,928,125.86444486555354
58.27986679251265,58.0169810015726,831,52.14912528614464
110.31521094663881,90.08953786659171,374,98.74109832939607
74.5349109681321,137.3782514199179,222,106.72209115869661
88.92956140419766,87.22162471263485,924,93.16637929666001
78.86937367706999,107.90594983499051,434,93.4588825760988
85.56727164649492,109.6546296948418,212,89.72919212617118
121.90459051842456,65.29238784470033,300,95.36622849755582
79.71217156231751,84.84589858175173,735,80.99938226368585
106.64046402968972,81.79624176161254,722,101.07040136557046
97.60504021990997,47.88163793852713,984,79.89062808943858
116.36711653626482,47.66109402804908,651,89.33637684349344
143.68297393247582,136.48667480433508,630,137.27688469153907
123.25720972102503,75.03778909700937,992,109.09677477570499
71.49403785907568,101.9886642862697,805,88.49606359715122
53.118313506128466,77.85981309476503,912,73.62096532878991
76.22640442998251,148.47471696268747,732,109.83746262717618
109.50779307002549,73.52264347523511,922,90.02223458458218
55.14258134842503,92.26224940128286,851,75.07255213821436
99.63662472012363,141.0003275533062,492,121.0778641847846
109.68428489168892,137.61269234709897,300,129.9225483367398
83.42438908169609,65.47115596309051,701,73.28712592965104
127.09122037458219,133.29076407752814,503,136.01406717760693
60.65982531337718,95.40055754116818,739,81.69136396293595
57.513778173580874,98.12657592938908,752,76.75321595844923
122.81887562036033,59.682796965753816,554,94.52421938046865
99.54913162061985,53.866166513283716,502,74.34132383278653
118.84023964277361,125.07332376711418,695,133.7078107049725
93.48273386037462,99.61072675908298,857,83.22506870435657
74.64020332391068,93.05357728766975,967,87.21160632826542
131.91023176742,125.24590515176364,426,119.75508891320656
129.94158789689794,129.20641888902207,435,128.44571987686967
119.46964708544267,62.47989844362889,654,90.54673231717956
77.21451372299627,112.12476644254055,212,102.20780787733683
109.0230666869087,59.888949050545406,409,80.9952468083426
86.09738969400269,127.65125946319502,940,113.41438415690773
59.158207332663416,117.26506718938535,596,82.31755405990039
141.73135754622427,150.22760831918038,299,152.71283155147665
63.68186309189614,52.58538179920633,230,55.76189523603387
145.02373538208025,51.27601932663798,727,98.51704995056471
94.60057729579557,76.04057821625202,848,83.63868444047178
